room_index,user_id
1,U00864
1,U00458
15,U00508
15,U00459
15,U00931
22,U00252
22,U00785
22,U00886
24,U00860
29,U00815
30,U00617
35,U00921
36,U00692
36,U00808
36,U00619
41,U00212
45,U00173
47,U00141
47,U00202
49,U00762
55,U00798
57,U00045
59,U00317
60,U00498
60,U00156
60,U00133
60,U00038
62,U00541
62,U00630
65,U00214
65,U00366
65,U00116
70,U00799
70,U00763
70,U00520
76,U00722
76,U00101
76,U00833
77,U00710
77,U00445
78,U00875
82,U00221
84,U00285
84,U00376
86,U00364
86,U00103
86,U00333
89,U00851
103,U00218
105,U00037
111,U00748
114,U00149
114,U00485
115,U00455
118,U00117
120,U00853
122,U00066
122,U00289
122,U00362
126,U00904
130,U00351
130,U00404
132,U00298
135,U00271
135,U00696
140,U00745
142,U00151
146,U00714
147,U00713
147,U00504
149,U00348
154,U00793
155,U00401
155,U00522
171,U00701
172,U00942
174,U00110
177,U00310
177,U00738
180,U00607
180,U00121
180,U00627
180,U00935
181,U00267
181,U00948
181,U00010
181,U00331
185,U00053
185,U00184
185,U00182
185,U00761
190,U00035
194,U00056
194,U00624
196,U00020
196,U00361
196,U00723
196,U00296
201,U00994
201,U00463
203,U00444
204,U00365
208,U00059
211,U00525
211,U00995
212,U00790
213,U00704
220,U00642
220,U00161
221,U00428
221,U00211
223,U00881
223,U00078
223,U00170
224,U00185
226,U00939
232,U00025
232,U00132
232,U00016
234,U00800
234,U00412
247,U00456
252,U00559
252,U00998
256,U00123
259,U00265
260,U00783
262,U00432
263,U00107
264,U00777
266,U00169
267,U00988
269,U00027
270,U00731
271,U00686
271,U00920
273,U00407
273,U00244
273,U00017
274,U00018
275,U00711
275,U00590
278,U00984
279,U00666
279,U00174
279,U00834
283,U00232
285,U00323
285,U00158
294,U00683
297,U00879
297,U00676
298,U00906
299,U00733
300,U00347
300,U00367
301,U00874
301,U00656
301,U00280
303,U00034
303,U00337
304,U00922
306,U00850
307,U00838
311,U00450
317,U00516
324,U00311
324,U00115
329,U00281
330,U00970
330,U00286
330,U00036
333,U00989
333,U00122
333,U00937
334,U00558
344,U00606
345,U00550
345,U00924
347,U00065
348,U00440
348,U00179
353,U00911
355,U00013
355,U00529
355,U00373
356,U00294
358,U00207
360,U00050
362,U00430
362,U00442
362,U00589
363,U00222
364,U00695
365,U00318
366,U00899
366,U00648
366,U00960
370,U00775
374,U00216
375,U00933
375,U00795
376,U00067
380,U00231
382,U00313
397,U00641
398,U00544
398,U00653
403,U00689
403,U00030
404,U00306
405,U00616
405,U00698
406,U00916
406,U00601
406,U00997
408,U00884
410,U00598
414,U00291
414,U00744
414,U00546
415,U00740
416,U00275
416,U00077
417,U00649
418,U00962
418,U00334
418,U00682
419,U00633
419,U00033
419,U00757
419,U00342
423,U00462
423,U00461
427,U00237
427,U00466
431,U00825
433,U00168
433,U00796
435,U00810
436,U00821
436,U00574
436,U00270
439,U00095
439,U00340
440,U00142
441,U00569
442,U00307
444,U00324
446,U00223
446,U00087
449,U00146
450,U00043
450,U00610
450,U00669
456,U00086
456,U00343
456,U00180
456,U00917
462,U00253
463,U00243
468,U00652
470,U00206
471,U00849
476,U00439
477,U00392
479,U00769
480,U00900
480,U00517
484,U00124
484,U00320
486,U00190
486,U00372
488,U00537
490,U00494
494,U00049
494,U00707
495,U00397
495,U00094
495,U00794
500,U00278
501,U00476
501,U00007
501,U00240
503,U00564
503,U00891
513,U00230
515,U00420
516,U00803
516,U00248
517,U00703
519,U00236
529,U00096
533,U00788
546,U00406
546,U00176
546,U00945
555,U00721
556,U00071
556,U00288
556,U00816
556,U00384
561,U00736
562,U00395
562,U00024
563,U00545
565,U00011
571,U00480
572,U00986
572,U00371
580,U00542
580,U00105
580,U00943
581,U00191
582,U00145
587,U00893
587,U00957
593,U00339
595,U00068
601,U00615
601,U00812
605,U00553
605,U00871
606,U00536
607,U00165
608,U00032
610,U00293
614,U00128
614,U00947
617,U00671
621,U00213
624,U00753
624,U00909
626,U00150
626,U00950
633,U00883
633,U00443
634,U00739
639,U00861
640,U00539
642,U00350
642,U00321
642,U00555
643,U00955
644,U00410
645,U00304
647,U00129
647,U00069
653,U00694
653,U00892
660,U00460
663,U00023
663,U00746
664,U00205
664,U00040
665,U00490
665,U00547
666,U00873
666,U00636
667,U00958
672,U00650
673,U00227
673,U00684
673,U00111
673,U00835
675,U00672
675,U00527
680,U00854
683,U00930
683,U00138
683,U00292
683,U00819
687,U00178
690,U00261
692,U00400
692,U00171
696,U00626
696,U00134
705,U00416
706,U00330
708,U00026
709,U00902
711,U00496
712,U00447
725,U00964
728,U00725
729,U00631
731,U00756
733,U00239
734,U00586
735,U00993
736,U00976
738,U00593
738,U00074
738,U01000
752,U00503
752,U00385
752,U00199
756,U00972
761,U00308
761,U00771
762,U00699
763,U00837
764,U00474
764,U00820
764,U00618
765,U00076
765,U00163
769,U00197
769,U00693
777,U00336
777,U00357
778,U00448
779,U00186
780,U00235
781,U00402
781,U00981
781,U00690
782,U00247
783,U00865
785,U00801
785,U00302
787,U00804
787,U00377
788,U00358
788,U00424
793,U00396
795,U00512
795,U00452
799,U00315
799,U00679
799,U00363
799,U00507
802,U00386
803,U00949
807,U00276
807,U00234
807,U00159
814,U00953
815,U00305
816,U00147
820,U00241
823,U00670
826,U00674
831,U00120
832,U00894
833,U00605
843,U00866
848,U00591
848,U00137
848,U00421
855,U00540
855,U00519
860,U00571
867,U00888
868,U00827
869,U00381
874,U00681
875,U00818
877,U00473
880,U00776
888,U00720
890,U00471
895,U00083
895,U00359
896,U00054
897,U00603
897,U00505
900,U00341
903,U00828
904,U00750
913,U00967
913,U00052
914,U00332
914,U00478
919,U00144
919,U00732
923,U00506
923,U00518
925,U00181
932,U00475
934,U00470
934,U00528
935,U00824
935,U00663
935,U00549
936,U00155
936,U00846
942,U00996
942,U00658
942,U00742
954,U00844
954,U00773
956,U00644
959,U00759
959,U00483
969,U00203
973,U00326
981,U00502
983,U00329
988,U00842
988,U00629
988,U00360
991,U00743
999,U00982
1001,U00493
1006,U00102
1006,U00277
1007,U00645
1008,U00552
1008,U00500
1009,U00592
1009,U00573
1010,U00031
1011,U00936
1015,U00263
1016,U00791
1019,U00628
1019,U00952
1019,U00075
1019,U00189
1022,U00457
1022,U00198
1031,U00870
1033,U00006
1036,U00148
1038,U00426
1040,U00901
1042,U00039
1042,U00954
1044,U00226
1044,U00319
1044,U00089
1044,U00613
1047,U00780
1047,U00929
1048,U00175
1048,U00685
1055,U00538
1056,U00594
1059,U00985
1059,U00327
1060,U00535
1060,U00193
1060,U00602
1060,U00735
1063,U00513
1065,U00511
1065,U00349
1066,U00554
1066,U00269
1073,U00889
1076,U00531
1078,U00091
1087,U00422
1089,U00848
1098,U00524
1099,U00093
1099,U00588
1101,U00557
1106,U00469
1106,U00399
1112,U00836
1112,U00063
1120,U00160
1120,U00708
1120,U00832
1121,U00164
1123,U00028
1126,U00200
1126,U00758
1129,U00990
1130,U00015
1132,U00747
1137,U00919
1137,U00465
1137,U00411
1137,U00567
1142,U00841
1142,U00829
1142,U00637
1144,U00678
1148,U00431
1152,U00764
1153,U00858
1153,U00724
1156,U00487
1156,U00583
1156,U00467
1158,U00760
1162,U00002
1162,U00847
1162,U00859
1171,U00817
1171,U00872
1171,U00108
1175,U00675
1176,U00726
1179,U00408
1180,U00709
1180,U00822
1183,U00784
1183,U00382
1183,U00578
1191,U00770
1191,U00876
1193,U00451
1196,U00928
1196,U00297
1197,U00575
1197,U00533
1198,U00437
1198,U00217
1199,U00390
1202,U00109
1202,U00898
1207,U00369
1214,U00635
1215,U00106
1216,U00279
1218,U00070
1218,U00715
1219,U00807
1220,U00113
1223,U00959
1223,U00991
1223,U00346
1223,U00963
1234,U00661
1235,U00131
1235,U00667
1237,U00792
1238,U00073
1239,U00664
1240,U00274
1240,U00568
1240,U00668
1242,U00139
1242,U00609
1243,U00562
1247,U00657
1248,U00242
1259,U00966
1259,U00380
1259,U00344
1259,U00862
1264,U00730
1264,U00779
1264,U00563
1265,U00409
1269,U00897
1271,U00257
1271,U00772
1271,U00903
1271,U00055
1280,U00092
1281,U00797
1281,U00112
1282,U00855
1282,U00309
1292,U00084
1292,U00728
1293,U00751
1294,U00805
1294,U00938
1301,U00328
1302,U00130
1304,U00895
1305,U00946
1306,U00012
1313,U00712
1313,U00856
1313,U00233
1316,U00885
1319,U00290
1319,U00215
1322,U00643
1322,U00435
1324,U00464
1324,U00992
1324,U00080
1328,U00220
1329,U00079
1329,U00201
1331,U00295
1340,U00418
1341,U00345
1343,U00283
1344,U00021
1344,U00143
1344,U00389
1346,U00509
1346,U00585
1349,U00978
1350,U00005
1350,U00882
1350,U00009
1350,U00840
1352,U00251
1354,U00576
1359,U00140
1359,U00941
1359,U00826
1360,U00781
1361,U00135
1362,U00755
1363,U00058
1363,U00971
1364,U00852
1364,U00136
1365,U00639
1375,U00587
1375,U00209
1377,U00260
1377,U00813
1377,U00167
1382,U00579
1384,U00060
1386,U00729
1391,U00014
1392,U00987
1394,U00388
1395,U00659
1395,U00718
1396,U00196
1403,U00975
1403,U00368
1405,U00572
1409,U00352
1409,U00266
1409,U00047
1415,U00983
1415,U00782
1415,U00434
1417,U00229
1426,U00264
1426,U00472
1426,U00488
1426,U00940
1427,U00042
1428,U00700
1428,U00932
1433,U00768
1433,U00913
1434,U00857
1434,U00737
1434,U00927
1437,U00322
1437,U00514
1438,U00968
1442,U00612
1443,U00097
1443,U00640
1444,U00523
1449,U00044
1452,U00706
1452,U00814
1454,U00085
1456,U00581
1457,U00716
1457,U00530
1457,U00526
1464,U00090
1467,U00977
1468,U00335
1468,U00001
1469,U00595
1472,U00051
1474,U00272
1478,U00208
1482,U00868
1484,U00262
1484,U00029
1485,U00677
1487,U00314
1488,U00600
1490,U00104
1491,U00477
1492,U00219
1496,U00599
1498,U00255
1501,U00453
1502,U00604
1503,U00551
1506,U00061
1512,U00379
1516,U00687
1525,U00778
1528,U00951
1528,U00752
1530,U00543
1531,U00632
1531,U00896
1531,U00378
1534,U00979
1536,U00680
1537,U00003
1538,U00691
1539,U00127
1540,U00391
1540,U00187
1542,U00620
1543,U00393
1543,U00072
1547,U00910
1547,U00119
1553,U00719
1564,U00394
1564,U00565
1566,U00403
1566,U00717
1567,U00570
1567,U00387
1571,U00188
1571,U00287
1571,U00355
1573,U00354
1573,U00623
1573,U00634
1577,U00259
1580,U00057
1582,U00638
1582,U00754
1582,U00878
1583,U00651
1585,U00356
1592,U00806
1592,U00596
1593,U00425
1593,U00867
1595,U00646
1598,U00809
1600,U00254
1600,U00118
1605,U00887
1605,U00577
1605,U00204
1606,U00655
1606,U00863
1609,U00662
1609,U00843
1611,U00098
1611,U00081
1613,U00521
1621,U00877
1621,U00126
1623,U00697
1629,U00088
1629,U00338
1633,U00245
1634,U00548
1634,U00177
1634,U00353
1647,U00415
1647,U00210
1649,U00532
1663,U00019
1666,U00489
1666,U00944
1667,U00811
1667,U00845
1668,U00621
1669,U00162
1669,U00654
1676,U00956
1679,U00915
1679,U00436
1681,U00501
1681,U00195
1681,U00258
1684,U00004
1685,U00405
1685,U00965
1685,U00413
1691,U00152
1691,U00625
1693,U00999
1693,U00419
1695,U00486
1695,U00647
1695,U00980
1698,U00427
1699,U00614
1699,U00383
1699,U00192
1703,U00449
1703,U00374
1707,U00423
1708,U00925
1713,U00048
1713,U00767
1713,U00454
1714,U00566
1719,U00823
1719,U00597
1722,U00880
1722,U00495
1726,U00438
1726,U00303
1728,U00961
1731,U00534
1731,U00918
1733,U00312
1733,U00556
1739,U00923
1740,U00934
1743,U00479
1744,U00468
1748,U00582
1752,U00166
1752,U00100
1752,U00398
1757,U00869
1758,U00041
1758,U00446
1759,U00153
1759,U00194
1759,U00802
1764,U00481
1764,U00580
1768,U00561
1768,U00441
1768,U00789
1776,U00370
1783,U00157
1785,U00125
1790,U00786
1790,U00224
1790,U00830
1791,U00611
1791,U00484
1791,U00622
1793,U00908
1793,U00064
1803,U00497
1803,U00665
1806,U00249
1806,U00741
1806,U00256
1806,U00584
1807,U00499
1808,U00022
1811,U00734
1812,U00890
1812,U00250
1822,U00375
1822,U00284
1823,U00560
1823,U00099
1825,U00688
1825,U00974
1826,U00301
1828,U00673
1828,U00414
1829,U00515
1829,U00268
1841,U00225
1841,U00660
1843,U00973
1843,U00905
1844,U00926
1844,U00749
1845,U00325
1846,U00246
1846,U00429
1846,U00766
1846,U00433
1850,U00912
1851,U00300
1852,U00482
1852,U00172
1853,U00705
1853,U00491
1854,U00046
1854,U00831
1856,U00154
1859,U00282
1860,U00228
1862,U00839
1863,U00008
1864,U00273
1866,U00510
1868,U00969
1868,U00238
1870,U00316
1873,U00774
1873,U00492
1874,U00907
1879,U00702
1879,U00183
1880,U00787
1881,U00765
1884,U00299
1886,U00082
1887,U00727
1891,U00114
1891,U00914
1891,U00608
1893,U00062
1895,U00417
