location_similarity,budget_similarity,smoking_match,pet_match,sleep_group_similarity,cleanliness_group_similarity,social_group_similarity,guest_group_similarity,sleep_similarity,cleanliness_similarity,social_similarity,guest_similarity,occupancy_ratio,target
0.5,0.6907,0.0,0.0,0.8,0.6,0.6,0.4,0.8,0.6,0.6,0.4,2.0,1
0.5,0.0,0.0,0.0,0.2,1.0,0.8,1.0,0.2,1.0,0.8,1.0,2.0,1
0.5,0.5317,0.0,0.0,0.2,0.8,0.4,0.2,0.2,0.8,0.4,0.2,3.0,1
0.5,0.481,0.0,0.0,0.8,0.8,0.8,1.0,0.8,0.8,0.8,1.0,3.0,1
0.5,0.8048,0.0,0.0,0.8,0.8,0.8,1.0,0.8,0.8,0.8,1.0,3.0,1
0.5,0.0,0.0,0.0,0.6,0.6,0.4,0.2,0.6,0.6,0.4,0.2,0.75,1
0.5,0.9728,0.0,0.0,0.6,0.8,0.8,1.0,0.6,0.8,0.8,1.0,0.75,1
0.5,0.0,0.0,0.0,1.0,0.6,1.0,0.8,1.0,0.6,1.0,0.8,0.75,1
0.5,0.0,0.0,0.0,1.0,0.6,1.0,1.0,1.0,0.6,1.0,1.0,1.0,1
0.5,0.7035,0.0,0.0,0.8,0.8,0.8,0.8,0.8,0.8,0.8,0.8,0.5,1
0.5,0.0862,0.0,0.0,1.0,1.0,0.8,0.8,1.0,1.0,0.8,0.8,1.0,1
1.0,0.9252,0.0,0.0,0.2,0.8,1.0,1.0,0.2,0.8,1.0,1.0,1.0,1
0.5,0.8826,0.0,0.0,0.8,0.4,0.4,0.2,0.8,0.4,0.4,0.2,1.0,1
0.5,0.0,0.0,0.0,1.0,0.6,1.0,0.8,1.0,0.6,1.0,0.8,1.0,1
0.5,0.6535,0.0,0.0,0.6,0.6,0.8,1.0,0.6,0.6,0.8,1.0,1.0,1
0.5,0.7532,0.0,0.0,0.8,0.8,0.8,0.4,0.8,0.8,0.8,0.4,0.5,1
0.5,0.5439,0.0,0.0,0.8,0.4,0.6,0.4,0.8,0.4,0.6,0.4,0.5,1
0.5,0.0,0.0,0.0,1.0,0.6,0.8,1.0,1.0,0.6,0.8,1.0,1.0,1
1.0,0.0,0.0,0.0,0.4,0.6,0.6,0.4,0.4,0.6,0.6,0.4,1.0,1
0.5,0.4754,0.0,0.0,0.6,0.8,0.6,0.4,0.6,0.8,0.6,0.4,0.5,1
0.5,0.0,0.0,0.0,0.6,0.6,0.8,0.8,0.6,0.6,0.8,0.8,0.5,1
0.5,1.0,0.0,0.0,0.8,0.2,0.6,0.8,0.8,0.2,0.6,0.8,0.25,1
0.5,0.0,0.0,0.0,1.0,0.8,0.8,0.6,1.0,0.8,0.8,0.6,0.5,1
0.5,1.0,0.0,0.0,0.6,1.0,0.6,0.6,0.6,1.0,0.6,0.6,4.0,1
0.5,0.4461,0.0,0.0,0.4,0.8,0.4,0.4,0.4,0.8,0.4,0.4,4.0,1
0.5,1.0,0.0,0.0,0.6,1.0,0.8,0.8,0.6,1.0,0.8,0.8,4.0,1
0.5,1.0,0.0,0.0,0.6,1.0,0.6,0.6,0.6,1.0,0.6,0.6,4.0,1
0.5,0.7937,0.0,0.0,0.8,0.6,1.0,0.8,0.8,0.6,1.0,0.8,2.0,1
0.5,0.3216,0.0,0.0,0.8,0.4,1.0,0.8,0.8,0.4,1.0,0.8,2.0,1
0.5,0.0,0.0,0.0,0.6,1.0,0.6,0.6,0.6,1.0,0.6,0.6,1.5,1
0.5,0.0,0.0,0.0,0.6,1.0,0.6,0.6,0.6,1.0,0.6,0.6,1.5,1
0.5,0.0,0.0,0.0,1.0,0.6,1.0,1.0,1.0,0.6,1.0,1.0,1.5,1
0.5,0.5635,0.0,0.0,0.8,0.8,0.8,0.6,0.8,0.8,0.8,0.6,3.0,1
0.5,1.0,0.0,0.0,1.0,1.0,1.0,0.8,1.0,1.0,1.0,0.8,3.0,1
0.5,0.6338,0.0,0.0,0.8,0.8,0.8,0.6,0.8,0.8,0.8,0.6,3.0,1
0.5,0.0,0.0,0.0,0.6,0.6,0.8,1.0,0.6,0.6,0.8,1.0,0.75,1
0.5,0.0,0.0,0.0,0.4,0.2,0.6,0.8,0.4,0.2,0.6,0.8,0.75,1
0.5,0.0,0.0,0.0,0.2,0.6,0.8,1.0,0.2,0.6,0.8,1.0,0.75,1
0.5,0.9907,0.0,0.0,0.6,0.8,0.8,1.0,0.6,0.8,0.8,1.0,0.5,1
0.5,0.0,0.0,0.0,1.0,1.0,0.8,0.6,1.0,1.0,0.8,0.6,0.5,1
0.5,0.3617,0.0,0.0,0.6,0.8,0.8,0.4,0.6,0.8,0.8,0.4,1.0,1
0.5,0.0,0.0,0.0,0.2,0.6,0.6,0.4,0.2,0.6,0.6,0.4,0.25,1
0.5,1.0,0.0,0.0,0.4,0.8,0.8,1.0,0.4,0.8,0.8,1.0,1.0,1
1.0,0.4916,0.0,0.0,0.4,0.8,0.6,0.8,0.4,0.8,0.6,0.8,1.0,1
0.5,0.7824,0.0,0.0,0.8,0.6,0.6,0.6,0.8,0.6,0.6,0.6,3.0,1
0.5,1.0,0.0,0.0,0.8,0.8,0.4,0.4,0.8,0.8,0.4,0.4,3.0,1
0.5,0.9328,0.0,0.0,0.6,0.8,0.4,0.4,0.6,0.8,0.4,0.4,3.0,1
0.5,0.2559,0.0,0.0,0.4,0.4,0.8,0.8,0.4,0.4,0.8,0.8,0.5,1
0.5,1.0,0.0,0.0,0.8,0.4,0.8,0.8,0.8,0.4,0.8,0.8,1.0,1
0.5,0.6442,0.0,0.0,0.6,1.0,0.8,0.8,0.6,1.0,0.8,0.8,1.0,1
0.5,0.0,0.0,0.0,0.6,1.0,0.8,0.6,0.6,1.0,0.8,0.6,0.5,1
0.5,0.0064,0.0,0.0,1.0,1.0,0.8,0.6,1.0,1.0,0.8,0.6,2.0,1
0.5,0.9701,0.0,0.0,0.8,0.8,0.6,0.4,0.8,0.8,0.6,0.4,2.0,1
0.5,0.0,0.0,0.0,0.6,0.6,1.0,1.0,0.6,0.6,1.0,1.0,0.5,1
0.5,0.5101,0.0,0.0,0.6,0.6,0.8,1.0,0.6,0.6,0.8,1.0,0.25,1
0.5,0.3052,0.0,0.0,0.6,1.0,1.0,1.0,0.6,1.0,1.0,1.0,1.0,1
0.5,0.0,0.0,0.0,0.6,1.0,0.8,0.6,0.6,1.0,0.8,0.6,3.0,1
0.5,0.9891,0.0,0.0,0.4,0.8,0.8,0.6,0.4,0.8,0.8,0.6,3.0,1
0.5,0.1203,0.0,0.0,0.2,0.6,1.0,0.8,0.2,0.6,1.0,0.8,3.0,1
0.5,0.8053,0.0,0.0,0.2,0.8,0.6,0.4,0.2,0.8,0.6,0.4,1.0,1
0.5,1.0,0.0,0.0,0.8,0.4,0.8,0.4,0.8,0.4,0.8,0.4,2.0,1
0.5,0.9185,0.0,0.0,0.6,0.6,0.6,1.0,0.6,0.6,0.6,1.0,2.0,1
0.5,0.396,0.0,0.0,0.4,0.4,0.6,0.2,0.4,0.4,0.6,0.2,0.25,1
0.5,0.0,0.0,0.0,1.0,1.0,0.8,1.0,1.0,1.0,0.8,1.0,0.6667,1
0.5,0.0,0.0,0.0,1.0,1.0,0.8,0.6,1.0,1.0,0.8,0.6,0.6667,1
0.5,0.0,0.0,0.0,0.6,0.6,1.0,0.8,0.6,0.6,1.0,0.8,0.3333,1
0.5,0.9963,0.0,0.0,0.8,0.8,0.6,0.8,0.8,0.8,0.6,0.8,1.0,1
0.5,1.0,0.0,0.0,0.8,0.6,0.4,0.4,0.8,0.6,0.4,0.4,0.5,1
0.5,0.8914,0.0,0.0,1.0,0.8,0.6,0.8,1.0,0.8,0.6,0.8,2.0,1
0.5,1.0,0.0,0.0,1.0,0.8,0.8,1.0,1.0,0.8,0.8,1.0,2.0,1
0.5,0.5645,0.0,0.0,1.0,0.8,0.6,0.4,1.0,0.8,0.6,0.4,0.5,1
0.5,1.0,0.0,0.0,0.4,0.8,0.8,0.4,0.4,0.8,0.8,0.4,1.0,1
0.5,0.0,0.0,0.0,1.0,0.6,0.8,0.6,1.0,0.6,0.8,0.6,0.6667,1
0.5,0.0,0.0,0.0,1.0,0.6,0.4,0.2,1.0,0.6,0.4,0.2,0.6667,1
0.5,0.2933,0.0,0.0,1.0,1.0,0.4,0.6,1.0,1.0,0.4,0.6,1.0,1
0.5,0.0,0.0,0.0,1.0,0.8,0.8,0.8,1.0,0.8,0.8,0.8,0.5,1
0.5,1.0,0.0,0.0,0.4,1.0,0.6,0.4,0.4,1.0,0.6,0.4,1.0,1
0.5,1.0,0.0,0.0,0.2,1.0,0.6,0.6,0.2,1.0,0.6,0.6,0.5,1
0.5,0.0,0.0,0.0,0.6,0.8,0.8,0.8,0.6,0.8,0.8,0.8,0.5,1
0.5,0.4067,0.0,0.0,1.0,0.8,0.8,0.6,1.0,0.8,0.8,0.6,4.0,1
0.5,1.0,0.0,0.0,1.0,0.6,1.0,0.8,1.0,0.6,1.0,0.8,4.0,1
0.5,1.0,0.0,0.0,0.6,0.4,0.4,0.6,0.6,0.4,0.4,0.6,4.0,1
0.5,0.9229,0.0,0.0,0.6,0.6,0.4,0.6,0.6,0.6,0.4,0.6,4.0,1
0.5,1.0,0.0,0.0,0.6,0.4,0.4,0.4,0.6,0.4,0.4,0.4,4.0,1
0.5,1.0,0.0,0.0,0.6,0.4,0.4,0.4,0.6,0.4,0.4,0.4,4.0,1
0.5,1.0,0.0,0.0,1.0,0.6,0.6,0.6,1.0,0.6,0.6,0.6,4.0,1
0.5,1.0,0.0,0.0,0.8,0.4,0.2,0.2,0.8,0.4,0.2,0.2,4.0,1
0.5,1.0,0.0,0.0,1.0,0.8,0.6,0.6,1.0,0.8,0.6,0.6,4.0,1
0.5,1.0,0.0,0.0,0.6,0.8,1.0,1.0,0.6,0.8,1.0,1.0,4.0,1
0.5,0.8596,0.0,0.0,0.6,1.0,0.8,0.8,0.6,1.0,0.8,0.8,4.0,1
0.5,0.7519,0.0,0.0,0.8,0.6,0.8,0.8,0.8,0.6,0.8,0.8,4.0,1
0.5,0.7118,0.0,0.0,0.4,0.4,0.6,0.6,0.4,0.4,0.6,0.6,0.5,1
0.5,1.0,0.0,0.0,0.6,0.8,0.8,0.6,0.6,0.8,0.8,0.6,1.0,1
0.5,0.0,0.0,0.0,1.0,0.8,1.0,0.8,1.0,0.8,1.0,0.8,1.0,1
0.5,1.0,0.0,0.0,0.8,0.8,0.8,0.8,0.8,0.8,0.8,0.8,4.0,1
0.5,0.97,0.0,0.0,0.2,1.0,0.6,0.6,0.2,1.0,0.6,0.6,4.0,1
0.5,0.0,0.0,0.0,0.6,1.0,0.8,0.8,0.6,1.0,0.8,0.8,4.0,1
0.5,0.1384,0.0,0.0,0.6,0.8,0.8,0.8,0.6,0.8,0.8,0.8,4.0,1
0.5,0.0,0.0,0.0,0.6,1.0,0.8,0.4,0.6,1.0,0.8,0.4,2.0,1
0.5,0.0,0.0,0.0,1.0,1.0,0.8,0.8,1.0,1.0,0.8,0.8,2.0,1
0.5,1.0,0.0,0.0,0.8,0.8,0.4,0.6,0.8,0.8,0.4,0.6,1.0,1
0.5,0.0,0.0,0.0,0.6,0.6,0.2,0.2,0.6,0.6,0.2,0.2,0.5,1
0.5,0.0,0.0,0.0,0.8,0.8,0.6,0.6,0.8,0.8,0.6,0.6,0.5,1
0.5,0.7794,0.0,0.0,1.0,0.6,1.0,0.8,1.0,0.6,1.0,0.8,2.0,1
0.5,1.0,0.0,0.0,0.6,0.6,0.4,0.6,0.6,0.6,0.4,0.6,2.0,1
0.5,1.0,0.0,0.0,0.6,0.4,0.4,0.2,0.6,0.4,0.4,0.2,1.0,1
0.5,0.3894,0.0,0.0,0.4,0.8,0.6,0.4,0.4,0.8,0.6,0.4,0.5,1
0.5,0.0,0.0,0.0,1.0,0.8,0.6,1.0,1.0,0.8,0.6,1.0,2.0,1
0.5,0.0,0.0,0.0,1.0,1.0,0.8,0.8,1.0,1.0,0.8,0.8,2.0,1
0.5,0.6733,0.0,0.0,0.2,0.4,0.4,0.2,0.2,0.4,0.4,0.2,2.0,1
0.5,0.6936,0.0,0.0,0.6,0.4,0.8,0.6,0.6,0.4,0.8,0.6,2.0,1
0.5,0.9851,0.0,0.0,0.2,0.6,0.6,0.6,0.2,0.6,0.6,0.6,3.0,1
0.5,0.5793,0.0,0.0,0.6,0.8,0.8,0.8,0.6,0.8,0.8,0.8,3.0,1
0.5,1.0,0.0,0.0,1.0,0.4,0.6,0.6,1.0,0.4,0.6,0.6,3.0,1
0.5,1.0,0.0,0.0,0.6,0.6,0.6,1.0,0.6,0.6,0.6,1.0,1.0,1
0.5,0.803,0.0,0.0,0.6,0.6,0.8,1.0,0.6,0.6,0.8,1.0,0.5,1
0.5,1.0,0.0,0.0,0.6,0.8,0.8,0.8,0.6,0.8,0.8,0.8,3.0,1
1.0,1.0,0.0,0.0,0.8,0.8,0.8,0.8,0.8,0.8,0.8,0.8,3.0,1
0.5,0.7545,0.0,0.0,0.8,0.8,1.0,1.0,0.8,0.8,1.0,1.0,3.0,1
0.5,0.2181,0.0,0.0,0.6,0.6,1.0,1.0,0.6,0.6,1.0,1.0,1.0,1
0.5,0.8054,0.0,0.0,0.4,0.8,0.8,0.8,0.4,0.8,0.8,0.8,1.0,1
0.5,1.0,0.0,0.0,0.4,0.8,0.4,0.4,0.4,0.8,0.4,0.4,1.0,1
0.5,0.0,0.0,0.0,0.8,0.8,1.0,1.0,0.8,0.8,1.0,1.0,0.6667,1
0.5,0.0,0.0,0.0,0.8,0.6,0.8,0.8,0.8,0.6,0.8,0.8,0.6667,1
0.5,0.0,0.0,0.0,0.2,0.8,1.0,0.8,0.2,0.8,1.0,0.8,0.5,1
0.5,0.705,0.0,0.0,0.8,0.4,0.4,0.4,0.8,0.4,0.4,0.4,1.0,1
0.5,0.0,0.0,0.0,1.0,0.8,0.6,0.4,1.0,0.8,0.6,0.4,0.25,1
0.5,1.0,0.0,0.0,0.2,0.4,0.4,0.2,0.2,0.4,0.4,0.2,1.0,1
0.5,0.0,0.0,0.0,0.6,0.4,0.8,0.8,0.6,0.4,0.8,0.8,0.5,1
0.5,0.0,0.0,0.0,0.6,0.8,0.6,0.6,0.6,0.8,0.6,0.6,0.5,1
0.5,0.0,0.0,0.0,0.2,0.6,0.8,0.8,0.2,0.6,0.8,0.8,0.25,1
1.0,0.5362,0.0,0.0,0.2,0.8,0.8,0.8,0.2,0.8,0.8,0.8,1.0,1
0.5,1.0,0.0,0.0,0.8,1.0,0.6,0.8,0.8,1.0,0.6,0.8,1.0,1
0.5,0.0,0.0,0.0,0.6,0.6,0.8,0.8,0.6,0.6,0.8,0.8,0.25,1
0.5,1.0,0.0,0.0,0.6,1.0,0.6,0.8,0.6,1.0,0.6,0.8,2.0,1
0.5,0.6822,0.0,0.0,1.0,0.8,1.0,0.8,1.0,0.8,1.0,0.8,2.0,1
0.5,0.976,0.0,0.0,0.6,0.8,0.6,0.6,0.6,0.8,0.6,0.6,3.0,1
0.5,0.8741,0.0,0.0,0.6,0.8,0.6,0.6,0.6,0.8,0.6,0.6,3.0,1
0.5,0.854,0.0,0.0,0.6,1.0,0.6,0.6,0.6,1.0,0.6,0.6,3.0,1
0.5,0.0,0.0,0.0,0.6,0.8,1.0,0.8,0.6,0.8,1.0,0.8,0.25,1
0.5,0.8351,0.0,0.0,0.8,0.4,0.4,0.2,0.8,0.4,0.4,0.2,2.0,1
0.5,1.0,0.0,0.0,0.8,0.2,0.6,0.4,0.8,0.2,0.6,0.4,2.0,1
0.5,0.0,0.0,0.0,0.8,1.0,0.8,1.0,0.8,1.0,0.8,1.0,0.25,1
0.5,0.0,0.0,0.0,1.0,0.6,1.0,0.8,1.0,0.6,1.0,0.8,1.5,1
0.5,0.76,0.0,0.0,0.8,0.4,0.6,0.4,0.8,0.4,0.6,0.4,1.5,1
0.5,0.0,0.0,0.0,1.0,0.8,1.0,0.8,1.0,0.8,1.0,0.8,1.5,1
0.5,0.986,0.0,0.0,0.2,0.6,0.8,0.8,0.2,0.6,0.8,0.8,0.5,1
0.5,0.0,0.0,0.0,1.0,0.8,0.8,1.0,1.0,0.8,0.8,1.0,2.0,1
0.5,0.0,0.0,0.0,0.6,0.8,0.6,0.4,0.6,0.8,0.6,0.4,2.0,1
0.5,0.4961,0.0,0.0,0.4,0.8,0.8,0.4,0.4,0.8,0.8,0.4,0.25,1
0.5,0.0,0.0,0.0,1.0,0.8,0.8,0.8,1.0,0.8,0.8,0.8,2.0,1
0.5,0.5283,0.0,0.0,0.6,1.0,0.6,0.2,0.6,1.0,0.6,0.2,2.0,1
0.5,0.0,0.0,0.0,0.6,0.8,0.6,0.6,0.6,0.8,0.6,0.6,0.5,1
0.5,0.0,0.0,0.0,1.0,0.8,1.0,0.8,1.0,0.8,1.0,0.8,0.25,1
0.5,0.0,0.0,0.0,0.8,0.8,0.6,0.4,0.8,0.8,0.6,0.4,0.6667,1
0.5,0.0,0.0,0.0,1.0,1.0,0.8,0.6,1.0,1.0,0.8,0.6,0.6667,1
0.5,0.0119,0.0,0.0,0.6,0.8,0.4,0.2,0.6,0.8,0.4,0.2,0.75,1
0.5,1.0,0.0,0.0,0.8,0.6,0.6,0.4,0.8,0.6,0.6,0.4,0.75,1
0.5,0.0,0.0,0.0,1.0,0.8,1.0,0.8,1.0,0.8,1.0,0.8,0.75,1
0.5,0.0,0.0,0.0,1.0,1.0,0.8,0.8,1.0,1.0,0.8,0.8,2.0,1
0.5,0.5702,0.0,0.0,0.6,0.8,0.6,0.6,0.6,0.8,0.6,0.6,2.0,1
0.5,0.9205,0.0,0.0,0.4,0.4,0.6,0.6,0.4,0.4,0.6,0.6,0.5,1
1.0,1.0,0.0,0.0,0.6,0.8,0.6,0.2,0.6,0.8,0.6,0.2,1.0,1
0.5,0.0,0.0,0.0,0.6,1.0,1.0,0.8,0.6,1.0,1.0,0.8,0.25,1
0.5,0.6471,0.0,0.0,0.4,0.4,0.8,0.8,0.4,0.4,0.8,0.8,0.5,1
0.5,1.0,0.0,0.0,1.0,1.0,1.0,0.8,1.0,1.0,1.0,0.8,1.0,1
0.5,0.0,0.0,0.0,1.0,0.8,1.0,0.8,1.0,0.8,1.0,0.8,0.6667,1
0.5,0.0,0.0,0.0,0.6,0.8,0.4,0.2,0.6,0.8,0.4,0.2,0.6667,1
0.5,0.0,0.0,0.0,0.8,0.4,1.0,0.8,0.8,0.4,1.0,0.8,0.25,1
0.5,0.5825,0.0,0.0,0.8,0.8,0.6,0.6,0.8,0.8,0.6,0.6,0.75,1
0.5,0.0,0.0,0.0,1.0,1.0,0.8,0.8,1.0,1.0,0.8,0.8,0.75,1
0.5,0.0,0.0,0.0,1.0,1.0,0.6,0.6,1.0,1.0,0.6,0.6,0.75,1
0.5,0.0,0.0,0.0,0.6,0.8,0.8,0.8,0.6,0.8,0.8,0.8,1.0,1
0.5,0.4525,0.0,0.0,1.0,1.0,1.0,1.0,1.0,1.0,1.0,1.0,1.0,1
0.5,0.0,0.0,0.0,0.6,0.8,1.0,1.0,0.6,0.8,1.0,1.0,1.0,1
0.5,0.0,0.0,0.0,0.8,0.2,0.6,0.4,0.8,0.2,0.6,0.4,0.25,1
0.5,0.082,0.0,0.0,0.6,0.8,0.6,1.0,0.6,0.8,0.6,1.0,1.0,1
0.5,0.7131,0.0,0.0,0.8,0.8,0.8,1.0,0.8,0.8,0.8,1.0,2.0,1
0.5,1.0,0.0,0.0,0.6,1.0,1.0,0.8,0.6,1.0,1.0,0.8,2.0,1
0.5,0.8689,0.0,0.0,0.6,0.6,0.2,0.2,0.6,0.6,0.2,0.2,1.0,1
0.5,0.0,0.0,0.0,1.0,0.6,0.6,0.6,1.0,0.6,0.6,0.6,1.0,1
0.5,0.0,0.0,0.0,0.8,0.2,0.4,0.4,0.8,0.2,0.4,0.4,1.0,1
0.5,0.0,0.0,0.0,0.8,0.4,0.6,0.8,0.8,0.4,0.6,0.8,0.3333,1
0.5,1.0,0.0,0.0,0.8,0.8,0.8,0.8,0.8,0.8,0.8,0.8,1.5,1
0.5,0.9152,0.0,0.0,0.6,0.8,0.6,1.0,0.6,0.8,0.6,1.0,1.5,1
0.5,1.0,0.0,0.0,1.0,0.6,0.8,0.4,1.0,0.6,0.8,0.4,1.5,1
0.5,0.8504,0.0,0.0,0.6,0.6,1.0,0.8,0.6,0.6,1.0,0.8,0.25,1
0.5,0.0,0.0,0.0,1.0,1.0,0.8,1.0,1.0,1.0,0.8,1.0,1.0,1
0.5,0.8147,0.0,0.0,0.6,1.0,1.0,1.0,0.6,1.0,1.0,1.0,1.0,1
0.5,0.0,0.0,0.0,0.6,0.4,0.6,0.4,0.6,0.4,0.6,0.4,1.5,1
0.5,0.0,0.0,0.0,0.6,0.6,0.4,0.2,0.6,0.6,0.4,0.2,1.5,1
0.5,0.4343,0.0,0.0,0.8,0.6,0.6,0.4,0.8,0.6,0.6,0.4,1.5,1
0.5,0.5136,0.0,0.0,0.4,0.4,0.4,0.6,0.4,0.4,0.4,0.6,1.0,1
0.5,0.0,0.0,0.0,0.6,0.6,1.0,0.8,0.6,0.6,1.0,0.8,0.3333,1
0.5,0.0,0.0,0.0,0.6,0.8,0.4,0.2,0.6,0.8,0.4,0.2,0.3333,1
0.5,0.0,0.0,0.0,1.0,0.8,0.8,1.0,1.0,0.8,0.8,1.0,1.5,1
0.5,0.0,0.0,0.0,0.6,0.6,0.6,0.4,0.6,0.6,0.6,0.4,1.5,1
0.5,0.0,0.0,0.0,0.6,0.6,0.6,0.4,0.6,0.6,0.6,0.4,1.5,1
0.5,0.0,0.0,0.0,1.0,1.0,0.8,1.0,1.0,1.0,0.8,1.0,0.3333,1
0.5,0.0,0.0,0.0,0.8,0.6,0.6,0.4,0.8,0.6,0.6,0.4,0.5,1
1.0,1.0,0.0,0.0,0.8,0.6,0.4,0.4,0.8,0.6,0.4,0.4,2.0,1
0.5,1.0,0.0,0.0,0.8,0.6,0.4,0.4,0.8,0.6,0.4,0.4,2.0,1
0.5,0.0,0.0,0.0,0.6,0.4,0.8,1.0,0.6,0.4,0.8,1.0,0.5,1
0.5,0.0,0.0,0.0,1.0,0.8,0.8,1.0,1.0,0.8,0.8,1.0,0.25,1
0.5,1.0,0.0,0.0,0.6,1.0,0.8,0.6,0.6,1.0,0.8,0.6,0.5,1
0.5,0.0,0.0,0.0,0.6,0.8,0.8,0.8,0.6,0.8,0.8,0.8,1.0,1
0.5,0.9321,0.0,0.0,0.8,0.2,1.0,0.8,0.8,0.2,1.0,0.8,2.0,1
0.5,0.0,0.0,0.0,1.0,0.8,0.6,0.8,1.0,0.8,0.6,0.8,2.0,1
0.5,0.0,0.0,0.0,0.4,0.8,0.6,0.8,0.4,0.8,0.6,0.8,1.0,1
0.5,0.0,0.0,0.0,0.6,1.0,0.8,1.0,0.6,1.0,0.8,1.0,1.0,1
0.5,0.0,0.0,0.0,0.6,0.6,1.0,0.8,0.6,0.6,1.0,0.8,0.3333,1
0.5,0.2773,0.0,0.0,1.0,1.0,0.8,0.6,1.0,1.0,0.8,0.6,2.0,1
0.5,0.3252,0.0,0.0,1.0,0.8,0.8,0.6,1.0,0.8,0.8,0.6,2.0,1
0.5,0.0,0.0,0.0,0.6,0.8,0.8,0.8,0.6,0.8,0.8,0.8,1.0,1
0.5,0.0,0.0,0.0,0.6,1.0,0.6,0.6,0.6,1.0,0.6,0.6,1.0,1
0.5,0.0,0.0,0.0,0.2,1.0,0.4,0.4,0.2,1.0,0.4,0.4,1.0,1
0.5,0.5113,0.0,0.0,1.0,0.6,0.8,0.8,1.0,0.6,0.8,0.8,1.0,1
0.5,0.0,0.0,0.0,0.6,0.6,1.0,0.8,0.6,0.6,1.0,0.8,0.5,1
0.5,1.0,0.0,0.0,0.6,1.0,0.6,0.6,0.6,1.0,0.6,0.6,3.0,1
0.5,0.9965,0.0,0.0,0.6,1.0,0.8,0.8,0.6,1.0,0.8,0.8,3.0,1
0.5,1.0,0.0,0.0,1.0,0.8,1.0,1.0,1.0,0.8,1.0,1.0,3.0,1
0.5,1.0,0.0,0.0,0.8,0.8,0.6,0.2,0.8,0.8,0.6,0.2,0.5,1
0.5,1.0,0.0,0.0,0.8,0.8,0.6,0.6,0.8,0.8,0.6,0.6,2.0,1
0.5,1.0,0.0,0.0,0.8,0.8,0.4,0.4,0.8,0.8,0.4,0.4,2.0,1
0.5,1.0,0.0,0.0,0.6,0.8,0.8,0.6,0.6,0.8,0.8,0.6,1.0,1
0.5,0.0,0.0,0.0,0.4,0.8,0.4,0.4,0.4,0.8,0.4,0.4,1.0,1
0.5,0.0,0.0,0.0,0.4,0.8,0.4,0.4,0.4,0.8,0.4,0.4,1.0,1
0.5,0.0,0.0,0.0,0.6,0.8,0.8,0.8,0.6,0.8,0.8,0.8,1.0,1
0.5,0.0507,0.0,0.0,1.0,0.8,1.0,1.0,1.0,0.8,1.0,1.0,1.3333,1
0.5,0.0,0.0,0.0,0.6,0.6,0.6,0.6,0.6,0.6,0.6,0.6,1.3333,1
0.5,0.0,0.0,0.0,0.4,0.6,0.4,0.4,0.4,0.6,0.4,0.4,1.3333,1
0.5,0.0,0.0,0.0,1.0,0.6,0.8,0.8,1.0,0.6,0.8,0.8,1.3333,1
0.5,0.0,0.0,0.0,0.8,0.6,0.6,0.4,0.8,0.6,0.6,0.4,1.0,1
0.5,0.0,0.0,0.0,0.6,0.8,0.8,1.0,0.6,0.8,0.8,1.0,1.0,1
0.5,0.0985,0.0,0.0,0.4,0.8,0.4,0.4,0.4,0.8,0.4,0.4,0.6667,1
0.5,0.0,0.0,0.0,0.6,0.8,0.8,0.8,0.6,0.8,0.8,0.8,0.6667,1
0.5,1.0,0.0,0.0,0.8,0.8,0.8,0.4,0.8,0.8,0.8,0.4,1.0,1
0.5,0.6386,0.0,0.0,0.6,0.8,1.0,0.8,0.6,0.8,1.0,0.8,2.0,1
0.5,0.0,0.0,0.0,1.0,0.8,0.8,0.6,1.0,0.8,0.8,0.6,2.0,1
0.5,0.9678,0.0,0.0,0.2,0.6,0.6,0.2,0.2,0.6,0.6,0.2,1.0,1
0.5,0.0,0.0,0.0,0.2,0.6,0.8,0.4,0.2,0.6,0.8,0.4,1.0,1
0.5,0.0,0.0,0.0,0.2,0.4,0.6,0.2,0.2,0.4,0.6,0.2,1.0,1
0.5,0.0,0.0,0.0,1.0,0.8,0.8,0.8,1.0,0.8,0.8,0.8,1.0,1
0.5,1.0,0.0,0.0,1.0,0.6,0.8,0.8,1.0,0.6,0.8,0.8,2.0,1
0.5,0.7628,0.0,0.0,0.6,0.6,0.6,0.6,0.6,0.6,0.6,0.6,2.0,1
0.5,0.0,0.0,0.0,0.6,1.0,0.8,0.8,0.6,1.0,0.8,0.8,0.25,1
0.5,0.7508,0.0,0.0,0.6,0.8,0.6,0.8,0.6,0.8,0.6,0.8,1.0,1
0.5,1.0,0.0,0.0,0.4,0.6,1.0,0.8,0.4,0.6,1.0,0.8,1.0,1
0.5,1.0,0.0,0.0,0.6,0.6,0.8,0.6,0.6,0.6,0.8,0.6,0.5,1
0.5,1.0,0.0,0.0,0.8,0.8,0.8,0.6,0.8,0.8,0.8,0.6,2.0,1
0.5,1.0,0.0,0.0,0.8,0.8,0.8,0.6,0.8,0.8,0.8,0.6,2.0,1
0.5,0.3964,0.0,0.0,1.0,0.8,0.6,0.6,1.0,0.8,0.6,0.6,1.0,1
0.5,1.0,0.0,0.0,0.6,1.0,0.8,0.6,0.6,1.0,0.8,0.6,3.0,1
0.5,0.9863,0.0,0.0,0.6,1.0,1.0,0.8,0.6,1.0,1.0,0.8,3.0,1
0.5,0.6781,0.0,0.0,0.6,1.0,1.0,0.8,0.6,1.0,1.0,0.8,3.0,1
0.5,0.6405,0.0,0.0,1.0,1.0,0.8,0.8,1.0,1.0,0.8,0.8,4.0,1
0.5,1.0,0.0,0.0,0.6,0.8,0.8,0.8,0.6,0.8,0.8,0.8,4.0,1
0.5,0.2453,0.0,0.0,1.0,0.8,1.0,1.0,1.0,0.8,1.0,1.0,4.0,1
0.5,1.0,0.0,0.0,0.6,1.0,0.8,0.8,0.6,1.0,0.8,0.8,4.0,1
0.5,0.8381,0.0,0.0,0.6,0.8,1.0,1.0,0.6,0.8,1.0,1.0,0.5,1
0.5,0.0,0.0,0.0,1.0,1.0,1.0,1.0,1.0,1.0,1.0,1.0,1.0,1
0.5,0.0,0.0,0.0,1.0,0.8,0.8,0.8,1.0,0.8,0.8,0.8,0.3333,1
0.5,0.2927,0.0,0.0,1.0,1.0,1.0,0.8,1.0,1.0,1.0,0.8,1.0,1
0.5,0.0,0.0,0.0,0.6,0.6,0.8,0.8,0.6,0.6,0.8,0.8,0.25,1
0.5,1.0,0.0,0.0,0.6,1.0,0.4,0.2,0.6,1.0,0.4,0.2,1.0,1
0.5,0.0,0.0,0.0,1.0,0.8,0.8,0.8,1.0,0.8,0.8,0.8,1.0,1
0.5,1.0,0.0,0.0,1.0,0.6,1.0,0.8,1.0,0.6,1.0,0.8,1.0,1
0.5,0.0,0.0,0.0,1.0,1.0,1.0,0.8,1.0,1.0,1.0,0.8,0.5,1
0.5,0.7876,0.0,0.0,0.8,0.6,0.6,0.4,0.8,0.6,0.6,0.4,0.5,1
0.5,0.9256,0.0,0.0,0.6,0.6,0.6,0.6,0.6,0.6,0.6,0.6,2.0,1
0.5,0.7045,0.0,0.0,1.0,0.6,1.0,1.0,1.0,0.6,1.0,1.0,2.0,1
0.5,0.0,0.0,0.0,0.2,0.4,0.6,0.4,0.2,0.4,0.6,0.4,0.6667,1
0.5,0.0,0.0,0.0,0.6,0.6,1.0,0.8,0.6,0.6,1.0,0.8,0.6667,1
0.5,0.8009,0.0,0.0,0.8,0.4,0.2,0.2,0.8,0.4,0.2,0.2,0.5,1
0.5,1.0,0.0,0.0,1.0,0.6,0.6,0.6,1.0,0.6,0.6,0.6,1.0,1
0.5,0.0,0.0,0.0,0.6,0.6,1.0,1.0,0.6,0.6,1.0,1.0,0.6667,1
0.5,0.0,0.0,0.0,0.6,0.4,1.0,1.0,0.6,0.4,1.0,1.0,0.6667,1
0.5,0.0,0.0,0.0,0.6,0.8,0.4,0.2,0.6,0.8,0.4,0.2,0.75,1
0.5,0.0,0.0,0.0,1.0,1.0,1.0,0.8,1.0,1.0,1.0,0.8,0.75,1
0.5,0.0923,0.0,0.0,0.8,0.8,0.4,0.2,0.8,0.8,0.4,0.2,0.75,1
1.0,1.0,0.0,0.0,0.8,0.6,0.6,0.8,0.8,0.6,0.6,0.8,0.25,1
0.5,0.749,0.0,0.0,0.8,0.2,0.6,0.4,0.8,0.2,0.6,0.4,3.0,1
0.5,1.0,0.0,0.0,1.0,0.6,1.0,0.8,1.0,0.6,1.0,0.8,3.0,1
0.5,0.9951,0.0,0.0,0.6,0.6,0.8,1.0,0.6,0.6,0.8,1.0,3.0,1
0.5,0.9158,0.0,0.0,1.0,0.8,0.8,1.0,1.0,0.8,0.8,1.0,2.0,1
0.5,0.9313,0.0,0.0,0.4,0.8,0.6,0.4,0.4,0.8,0.6,0.4,2.0,1
0.5,0.0,0.0,0.0,0.6,0.8,0.6,0.4,0.6,0.8,0.6,0.4,0.5,1
0.5,0.0,0.0,0.0,0.8,0.8,0.6,0.4,0.8,0.8,0.6,0.4,0.3333,1
0.5,0.0,0.0,0.0,0.4,0.8,1.0,0.6,0.4,0.8,1.0,0.6,2.0,1
0.5,1.0,0.0,0.0,1.0,0.8,0.6,0.2,1.0,0.8,0.6,0.2,2.0,1
0.5,1.0,0.0,0.0,0.4,0.8,0.6,0.4,0.4,0.8,0.6,0.4,1.0,1
0.5,0.8026,0.0,0.0,0.6,1.0,0.4,0.2,0.6,1.0,0.4,0.2,1.0,1
0.5,0.0,0.0,0.0,0.6,0.8,1.0,0.8,0.6,0.8,1.0,0.8,0.5,1
0.5,0.0586,0.0,0.0,0.6,1.0,0.6,0.8,0.6,1.0,0.6,0.8,0.3333,1
0.5,1.0,0.0,0.0,0.4,0.4,0.4,0.4,0.4,0.4,0.4,0.4,3.0,1
0.5,0.0,0.0,0.0,0.6,0.8,0.8,0.8,0.6,0.8,0.8,0.8,3.0,1
0.5,0.8875,0.0,0.0,0.6,0.8,0.8,0.8,0.6,0.8,0.8,0.8,3.0,1
0.5,0.5311,0.0,0.0,0.6,0.8,0.6,1.0,0.6,0.8,0.6,1.0,0.25,1
0.5,0.0,0.0,0.0,1.0,0.8,1.0,0.8,1.0,0.8,1.0,0.8,4.0,1
0.5,0.0,0.0,0.0,1.0,1.0,1.0,0.8,1.0,1.0,1.0,0.8,4.0,1
0.5,0.3786,0.0,0.0,0.6,1.0,1.0,0.8,0.6,1.0,1.0,0.8,4.0,1
0.5,0.0,0.0,0.0,1.0,1.0,0.8,1.0,1.0,1.0,0.8,1.0,4.0,1
0.5,0.0,0.0,0.0,1.0,0.8,0.6,0.6,1.0,0.8,0.6,0.6,0.25,1
0.5,0.0,0.0,0.0,0.6,1.0,0.6,0.8,0.6,1.0,0.6,0.8,0.5,1
0.5,0.0,0.0,0.0,0.6,0.8,1.0,0.8,0.6,0.8,1.0,0.8,0.5,1
0.5,0.0,0.0,0.0,0.6,1.0,0.6,0.4,0.6,1.0,0.6,0.4,0.3333,1
0.5,1.0,0.0,0.0,0.4,0.2,0.6,0.8,0.4,0.2,0.6,0.8,1.0,1
0.5,0.8129,0.0,0.0,1.0,0.8,0.4,0.4,1.0,0.8,0.4,0.4,1.0,1
0.5,0.0,0.0,0.0,0.6,0.6,0.4,0.6,0.6,0.6,0.4,0.6,0.5,1
0.5,0.0,0.0,0.0,0.6,0.8,1.0,0.8,0.6,0.8,1.0,0.8,0.5,1
0.5,1.0,0.0,0.0,0.4,0.6,1.0,0.8,0.4,0.6,1.0,0.8,3.0,1
0.5,0.7439,0.0,0.0,0.6,0.6,0.6,0.8,0.6,0.6,0.6,0.8,3.0,1
0.5,1.0,0.0,0.0,1.0,0.8,0.4,0.6,1.0,0.8,0.4,0.6,3.0,1
0.5,1.0,0.0,0.0,0.2,1.0,0.6,0.8,0.2,1.0,0.6,0.8,1.0,1
0.5,0.4294,0.0,0.0,0.6,0.8,0.6,0.2,0.6,0.8,0.6,0.2,1.0,1
0.5,0.0,0.0,0.0,0.6,0.6,0.6,0.6,0.6,0.6,0.6,0.6,0.5,1
0.5,0.0,0.0,0.0,0.4,0.4,0.2,0.2,0.4,0.4,0.2,0.2,0.5,1
0.5,0.9343,0.0,0.0,1.0,1.0,1.0,1.0,1.0,1.0,1.0,1.0,0.5,1
0.5,0.0,0.0,0.0,0.6,0.8,0.4,0.2,0.6,0.8,0.4,0.2,1.0,1
0.5,0.7524,0.0,0.0,1.0,1.0,0.8,0.6,1.0,1.0,0.8,0.6,1.0,1
0.5,0.5586,0.0,0.0,1.0,1.0,0.8,0.6,1.0,1.0,0.8,0.6,1.0,1
0.5,0.9931,0.0,0.0,0.8,0.8,0.4,0.4,0.8,0.8,0.4,0.4,2.0,1
0.5,0.4501,0.0,0.0,1.0,1.0,0.6,0.6,1.0,1.0,0.6,0.6,2.0,1
0.5,0.6831,0.0,0.0,0.6,0.4,0.6,1.0,0.6,0.4,0.6,1.0,1.0,1
0.5,0.0,0.0,0.0,1.0,0.6,0.6,0.6,1.0,0.6,0.6,0.6,0.25,1
0.5,0.0,0.0,0.0,0.6,0.6,0.8,0.8,0.6,0.6,0.8,0.8,0.3333,1
0.5,0.8655,0.0,0.0,0.8,0.4,0.8,0.8,0.8,0.4,0.8,0.8,1.0,1
0.5,1.0,0.0,0.0,0.6,1.0,0.8,0.8,0.6,1.0,0.8,0.8,2.0,1
0.5,0.7154,0.0,0.0,1.0,0.8,0.6,0.6,1.0,0.8,0.6,0.6,2.0,1
0.5,0.3667,0.0,0.0,0.8,0.8,0.8,0.6,0.8,0.8,0.8,0.6,1.0,1
0.5,0.0997,0.0,0.0,0.6,0.4,0.8,0.8,0.6,0.4,0.8,0.8,1.0,1
0.5,0.4905,0.0,0.0,0.2,0.8,0.6,0.6,0.2,0.8,0.6,0.6,1.0,1
0.5,0.672,0.0,0.0,0.2,0.6,0.6,0.6,0.2,0.6,0.6,0.6,1.0,1
0.5,0.0,0.0,0.0,1.0,1.0,0.6,0.6,1.0,1.0,0.6,0.6,2.0,1
0.5,0.0,0.0,0.0,1.0,0.8,0.8,0.8,1.0,0.8,0.8,0.8,2.0,1
0.5,0.0,0.0,0.0,1.0,0.6,0.8,0.6,1.0,0.6,0.8,0.6,0.6667,1
0.5,0.0,0.0,0.0,1.0,0.4,0.8,0.6,1.0,0.4,0.8,0.6,0.6667,1
0.5,1.0,0.0,0.0,0.8,0.2,0.4,0.4,0.8,0.2,0.4,0.4,0.25,1
0.5,0.581,0.0,0.0,0.6,0.8,1.0,0.8,0.6,0.8,1.0,0.8,0.25,1
0.5,0.0,0.0,0.0,0.8,0.8,1.0,1.0,0.8,0.8,1.0,1.0,0.3333,1
0.5,0.0,0.0,0.0,0.2,0.6,0.8,1.0,0.2,0.6,0.8,1.0,3.0,1
0.5,1.0,0.0,0.0,1.0,0.6,1.0,0.8,1.0,0.6,1.0,0.8,3.0,1
0.5,0.0,0.0,0.0,0.6,0.6,0.8,1.0,0.6,0.6,0.8,1.0,3.0,1
0.5,0.0,0.0,0.0,0.6,0.8,0.8,1.0,0.6,0.8,0.8,1.0,0.5,1
0.5,0.0,0.0,0.0,1.0,0.8,0.6,0.8,1.0,0.8,0.6,0.8,0.3333,1
0.5,0.0,0.0,0.0,1.0,0.8,0.8,0.6,1.0,0.8,0.8,0.6,0.25,1
0.5,0.9922,0.0,0.0,1.0,1.0,0.8,0.8,1.0,1.0,0.8,0.8,2.0,1
0.5,0.5194,0.0,0.0,1.0,1.0,0.6,0.6,1.0,1.0,0.6,0.6,2.0,1
0.5,0.0,0.0,0.0,0.6,0.6,0.4,0.4,0.6,0.6,0.4,0.4,0.6667,1
0.5,0.0,0.0,0.0,1.0,0.6,0.8,0.8,1.0,0.6,0.8,0.8,0.6667,1
0.5,0.7223,0.0,0.0,1.0,1.0,0.6,0.6,1.0,1.0,0.6,0.6,1.0,1
0.5,1.0,0.0,0.0,0.8,0.8,0.8,0.8,0.8,0.8,0.8,0.8,2.0,1
0.5,1.0,0.0,0.0,1.0,0.8,1.0,1.0,1.0,0.8,1.0,1.0,2.0,1
0.5,0.9138,0.0,0.0,0.8,0.8,0.8,0.4,0.8,0.8,0.8,0.4,0.6667,1
0.5,0.0,0.0,0.0,0.6,0.8,0.8,0.4,0.6,0.8,0.8,0.4,0.6667,1
0.5,0.122,0.0,0.0,0.6,1.0,0.6,0.6,0.6,1.0,0.6,0.6,2.0,1
0.5,1.0,0.0,0.0,0.8,0.8,0.8,0.8,0.8,0.8,0.8,0.8,2.0,1
0.5,0.0,0.0,0.0,0.2,0.4,0.4,0.4,0.2,0.4,0.4,0.4,1.0,1
0.5,0.0,0.0,0.0,0.6,0.8,0.6,0.6,0.6,0.8,0.6,0.6,1.0,1
0.5,1.0,0.0,0.0,1.0,1.0,0.6,0.4,1.0,1.0,0.6,0.4,1.0,1
0.5,0.4561,0.0,0.0,0.6,1.0,0.8,1.0,0.6,1.0,0.8,1.0,0.25,1
0.5,0.3161,0.0,0.0,0.6,1.0,0.2,0.2,0.6,1.0,0.2,0.2,4.0,1
0.5,1.0,0.0,0.0,0.8,0.8,0.4,0.4,0.8,0.8,0.4,0.4,4.0,1
0.5,0.3319,0.0,0.0,1.0,1.0,0.6,0.6,1.0,1.0,0.6,0.6,4.0,1
0.5,0.962,0.0,0.0,1.0,1.0,0.8,0.8,1.0,1.0,0.8,0.8,4.0,1
0.5,0.1286,0.0,0.0,0.4,0.8,0.6,0.4,0.4,0.8,0.6,0.4,1.0,1
0.5,0.0,0.0,0.0,0.6,0.8,1.0,0.8,0.6,0.8,1.0,0.8,1.0,1
0.5,0.9013,0.0,0.0,0.6,0.8,0.8,1.0,0.6,0.8,0.8,1.0,1.0,1
0.5,0.0,0.0,0.0,1.0,0.8,0.8,1.0,1.0,0.8,0.8,1.0,1.3333,1
0.5,0.0,0.0,0.0,0.6,0.4,0.6,0.4,0.6,0.4,0.6,0.4,1.3333,1
0.5,0.0,0.0,0.0,0.8,0.4,0.6,0.4,0.8,0.4,0.6,0.4,1.3333,1
0.5,0.0,0.0,0.0,1.0,0.8,0.8,1.0,1.0,0.8,0.8,1.0,1.3333,1
0.5,0.0,0.0,0.0,0.6,1.0,1.0,0.8,0.6,1.0,1.0,0.8,1.0,1
0.5,1.0,0.0,0.0,0.6,0.8,0.8,1.0,0.6,0.8,0.8,1.0,1.0,1
0.5,0.0,0.0,0.0,0.4,0.4,0.6,0.4,0.4,0.4,0.6,0.4,0.5,1
0.5,0.0,0.0,0.0,0.2,0.6,0.6,0.4,0.2,0.6,0.6,0.4,0.5,1
0.5,0.4963,0.0,0.0,0.4,0.4,0.8,1.0,0.4,0.4,0.8,1.0,2.0,1
0.5,0.6891,0.0,0.0,0.6,0.8,0.8,0.6,0.6,0.8,0.8,0.6,2.0,1
0.5,0.8127,0.0,0.0,0.8,0.2,0.6,0.8,0.8,0.2,0.6,0.8,1.0,1
0.5,0.0,0.0,0.0,0.6,0.8,1.0,0.8,0.6,0.8,1.0,0.8,0.25,1
0.5,1.0,0.0,0.0,0.6,0.6,0.8,0.8,0.6,0.6,0.8,0.8,1.0,1
0.5,0.0,0.0,0.0,1.0,1.0,1.0,1.0,1.0,1.0,1.0,1.0,0.25,1
0.5,1.0,0.0,0.0,0.8,0.2,1.0,0.8,0.8,0.2,1.0,0.8,0.5,1
0.5,0.0,0.0,0.0,0.6,0.4,0.8,0.6,0.6,0.4,0.8,0.6,0.25,1
0.5,0.0,0.0,0.0,0.8,0.4,0.4,0.4,0.8,0.4,0.4,0.4,0.5,1
0.5,0.4145,0.0,0.0,1.0,1.0,0.8,0.6,1.0,1.0,0.8,0.6,1.0,1
0.5,0.0,0.0,0.0,1.0,0.6,1.0,0.8,1.0,0.6,1.0,0.8,0.25,1
0.5,0.0,0.0,0.0,0.8,0.4,0.4,0.2,0.8,0.4,0.4,0.2,0.5,1
0.5,0.0,0.0,0.0,1.0,0.6,1.0,0.6,1.0,0.6,1.0,0.6,0.25,1
0.5,0.7329,0.0,0.0,0.6,0.6,0.8,0.8,0.6,0.6,0.8,0.8,1.0,1
0.5,0.8125,0.0,0.0,0.8,0.8,1.0,0.6,0.8,0.8,1.0,0.6,0.5,1
0.5,1.0,0.0,0.0,0.8,0.4,0.8,1.0,0.8,0.4,0.8,1.0,1.0,1
0.5,1.0,0.0,0.0,0.8,0.4,0.6,0.8,0.8,0.4,0.6,0.8,0.75,1
0.5,0.2014,0.0,0.0,0.8,0.4,0.6,0.8,0.8,0.4,0.6,0.8,0.75,1
0.5,0.0,0.0,0.0,1.0,0.4,1.0,0.8,1.0,0.4,1.0,0.8,0.75,1
0.5,0.0,0.0,0.0,0.4,0.2,0.6,0.4,0.4,0.2,0.6,0.4,1.0,1
0.5,0.0,0.0,0.0,0.6,0.6,0.4,0.2,0.6,0.6,0.4,0.2,1.0,1
0.5,0.0,0.0,0.0,0.6,0.4,0.8,0.6,0.6,0.4,0.8,0.6,1.0,1
0.5,1.0,0.0,0.0,0.6,1.0,1.0,1.0,0.6,1.0,1.0,1.0,1.0,1
0.5,1.0,0.0,0.0,0.2,0.8,0.6,0.4,0.2,0.8,0.6,0.4,2.0,1
0.5,0.676,0.0,0.0,0.4,0.6,0.6,0.4,0.4,0.6,0.6,0.4,2.0,1
0.5,0.1169,0.0,0.0,1.0,1.0,0.8,1.0,1.0,1.0,0.8,1.0,1.0,1
0.5,0.6878,0.0,0.0,0.8,0.2,1.0,0.8,0.8,0.2,1.0,0.8,1.0,1
0.5,1.0,0.0,0.0,1.0,0.6,1.0,0.8,1.0,0.6,1.0,0.8,3.0,1
0.5,0.47,0.0,0.0,0.8,0.4,0.6,0.8,0.8,0.4,0.6,0.8,3.0,1
0.5,0.5155,0.0,0.0,1.0,0.4,1.0,0.8,1.0,0.4,1.0,0.8,3.0,1
0.5,0.0,0.0,0.0,0.6,0.8,0.6,0.6,0.6,0.8,0.6,0.6,0.5,1
0.5,0.0,0.0,0.0,0.8,0.8,0.8,0.8,0.8,0.8,0.8,0.8,0.5,1
0.5,0.0,0.0,0.0,0.6,0.8,0.2,0.2,0.6,0.8,0.2,0.2,1.0,1
0.5,0.0,0.0,0.0,1.0,0.6,0.8,0.8,1.0,0.6,0.8,0.8,1.0,1
0.5,0.0,0.0,0.0,0.6,0.6,0.8,1.0,0.6,0.6,0.8,1.0,0.6667,1
0.5,0.0,0.0,0.0,1.0,0.8,1.0,0.8,1.0,0.8,1.0,0.8,0.6667,1
0.5,1.0,0.0,0.0,0.4,0.8,0.4,0.4,0.4,0.8,0.4,0.4,0.5,1
0.5,0.0,0.0,0.0,0.6,0.6,0.8,0.6,0.6,0.6,0.8,0.6,1.0,1
0.5,0.0,0.0,0.0,0.8,0.4,0.6,0.4,0.8,0.4,0.6,0.4,0.5,1
0.5,0.0,0.0,0.0,1.0,0.6,0.8,0.6,1.0,0.6,0.8,0.6,1.0,1
0.5,0.8642,0.0,0.0,0.8,0.2,0.4,0.2,0.8,0.2,0.4,0.2,1.0,1
0.5,0.0,0.0,0.0,0.6,0.6,0.4,0.2,0.6,0.6,0.4,0.2,1.0,1
0.5,0.0,0.0,0.0,0.6,1.0,0.8,0.6,0.6,1.0,0.8,0.6,0.5,1
0.5,0.0,0.0,0.0,0.6,0.6,0.4,0.2,0.6,0.6,0.4,0.2,0.25,1
0.5,0.0,0.0,0.0,0.6,0.8,0.6,0.6,0.6,0.8,0.6,0.6,2.0,1
0.5,0.7079,0.0,0.0,0.6,0.6,0.8,0.8,0.6,0.6,0.8,0.8,2.0,1
0.5,0.0,0.0,0.0,1.0,0.4,0.4,0.6,1.0,0.4,0.4,0.6,0.6667,1
0.5,0.0,0.0,0.0,0.6,0.6,1.0,0.8,0.6,0.6,1.0,0.8,0.6667,1
0.5,1.0,0.0,0.0,0.8,0.6,0.8,0.8,0.8,0.6,0.8,0.8,0.5,1
0.5,0.0,0.0,0.0,1.0,0.8,0.8,0.8,1.0,0.8,0.8,0.8,0.5,1
0.5,0.0,0.0,0.0,1.0,0.6,0.6,0.6,1.0,0.6,0.6,0.6,0.25,1
0.5,0.0,0.0,0.0,0.6,0.6,1.0,0.8,0.6,0.6,1.0,0.8,0.5,1
0.5,0.0,0.0,0.0,0.6,0.6,1.0,0.8,0.6,0.6,1.0,0.8,0.5,1
0.5,0.0,0.0,0.0,1.0,0.4,0.8,0.8,1.0,0.4,0.8,0.8,2.0,1
0.5,0.0,0.0,0.0,1.0,0.4,0.6,0.6,1.0,0.4,0.6,0.6,2.0,1
0.5,0.0,0.0,0.0,0.6,0.6,0.2,0.2,0.6,0.6,0.2,0.2,2.0,1
0.5,1.0,0.0,0.0,0.8,0.4,0.2,0.2,0.8,0.4,0.2,0.2,2.0,1
0.5,0.0,0.0,0.0,0.8,1.0,0.8,0.6,0.8,1.0,0.8,0.6,0.3333,1
0.5,0.3569,0.0,0.0,1.0,1.0,1.0,1.0,1.0,1.0,1.0,1.0,0.3333,1
0.5,0.7579,0.0,0.0,0.2,0.8,0.4,0.6,0.2,0.8,0.4,0.6,3.0,1
0.5,1.0,0.0,0.0,0.8,0.8,0.8,1.0,0.8,0.8,0.8,1.0,3.0,1
0.5,0.8967,0.0,0.0,0.8,0.8,1.0,0.8,0.8,0.8,1.0,0.8,3.0,1
0.5,0.0,0.0,0.0,0.6,0.8,0.8,0.8,0.6,0.8,0.8,0.8,0.25,1
0.5,0.8605,0.0,0.0,0.6,0.6,1.0,0.6,0.6,0.6,1.0,0.6,1.0,1
0.5,0.7178,0.0,0.0,1.0,0.8,0.8,0.8,1.0,0.8,0.8,0.8,1.0,1
0.5,0.8485,0.0,0.0,0.8,0.4,0.8,0.8,0.8,0.4,0.8,0.8,1.0,1
0.5,0.0,0.0,0.0,0.8,0.6,0.8,0.4,0.8,0.6,0.8,0.4,0.25,1
0.5,0.6482,0.0,0.0,0.8,0.6,0.4,0.4,0.8,0.6,0.4,0.4,1.0,1
0.5,0.9748,0.0,0.0,0.8,0.4,0.4,0.4,0.8,0.4,0.4,0.4,1.0,1
0.5,1.0,0.0,0.0,0.6,1.0,0.8,0.6,0.6,1.0,0.8,0.6,1.0,1
0.5,1.0,0.0,0.0,0.8,0.6,1.0,0.8,0.8,0.6,1.0,0.8,1.0,1
0.5,0.9612,0.0,0.0,0.4,0.8,0.6,0.8,0.4,0.8,0.6,0.8,1.0,1
1.0,0.0,0.0,0.0,1.0,0.6,0.6,0.6,1.0,0.6,0.6,0.6,0.75,1
1.0,0.0,0.0,0.0,1.0,0.6,0.6,0.6,1.0,0.6,0.6,0.6,0.75,1
0.5,0.0,0.0,0.0,0.6,0.4,0.4,0.4,0.6,0.4,0.4,0.4,0.75,1
0.5,0.7579,0.0,0.0,0.6,0.8,0.6,0.2,0.6,0.8,0.6,0.2,0.5,1
0.5,0.0,0.0,0.0,1.0,0.6,1.0,0.6,1.0,0.6,1.0,0.6,0.5,1
0.5,0.0,0.0,0.0,0.2,0.4,1.0,1.0,0.2,0.4,1.0,1.0,0.25,1
0.5,0.7794,0.0,0.0,1.0,1.0,0.6,0.6,1.0,1.0,0.6,0.6,0.5,1
0.5,0.0,0.0,0.0,0.8,1.0,0.6,0.6,0.8,1.0,0.6,0.6,0.5,1
0.5,0.0,0.0,0.0,1.0,0.8,0.6,0.6,1.0,0.8,0.6,0.6,0.25,1
0.5,0.0559,0.0,0.0,0.8,0.4,0.4,0.2,0.8,0.4,0.4,0.2,0.3333,1
0.5,0.6544,0.0,0.0,0.4,1.0,1.0,0.8,0.4,1.0,1.0,0.8,0.5,1
0.5,0.4737,0.0,0.0,0.6,1.0,0.8,1.0,0.6,1.0,0.8,1.0,1.0,1
0.5,0.0,0.0,0.0,0.6,0.8,0.8,0.8,0.6,0.8,0.8,0.8,0.25,1
0.5,0.0,0.0,0.0,1.0,0.6,0.8,1.0,1.0,0.6,0.8,1.0,0.3333,1
0.5,0.0,0.0,0.0,0.2,0.8,0.6,1.0,0.2,0.8,0.6,1.0,0.25,1
0.5,1.0,0.0,0.0,1.0,1.0,1.0,0.6,1.0,1.0,1.0,0.6,1.0,1
0.5,0.4181,0.0,0.0,1.0,1.0,1.0,0.6,1.0,1.0,1.0,0.6,1.0,1
0.5,0.0,0.0,0.0,0.2,0.8,1.0,1.0,0.2,0.8,1.0,1.0,0.25,1
0.5,0.0,0.0,0.0,0.8,0.4,0.6,0.8,0.8,0.4,0.6,0.8,0.6667,1
0.5,0.238,0.0,0.0,0.6,0.8,0.8,0.6,0.6,0.8,0.8,0.6,0.6667,1
0.5,0.4153,0.0,0.0,1.0,1.0,0.8,0.8,1.0,1.0,0.8,0.8,1.0,1
0.5,0.0,0.0,0.0,0.6,0.8,0.8,0.8,0.6,0.8,0.8,0.8,0.3333,1
0.5,1.0,0.0,0.0,0.8,0.8,0.6,0.4,0.8,0.8,0.6,0.4,1.0,1
1.0,1.0,0.0,0.0,1.0,0.4,0.8,1.0,1.0,0.4,0.8,1.0,2.0,1
0.5,0.6527,0.0,0.0,0.6,0.6,0.6,0.8,0.6,0.6,0.6,0.8,2.0,1
0.5,0.0,0.0,0.0,0.4,0.4,0.8,0.4,0.4,0.4,0.8,0.4,0.6667,1
0.5,0.0,0.0,0.0,0.6,0.8,1.0,0.6,0.6,0.8,1.0,0.6,0.6667,1
0.5,0.0,0.0,0.0,1.0,0.8,0.6,0.6,1.0,0.8,0.6,0.6,0.5,1
0.5,0.0,0.0,0.0,1.0,1.0,0.8,0.8,1.0,1.0,0.8,0.8,0.5,1
0.5,0.0,0.0,0.0,0.6,0.6,0.4,0.4,0.6,0.6,0.4,0.4,0.6667,1
0.5,0.0578,0.0,0.0,0.8,0.4,0.2,0.2,0.8,0.4,0.2,0.2,0.6667,1
0.5,0.0,0.0,0.0,0.6,1.0,0.8,0.8,0.6,1.0,0.8,0.8,0.5,1
0.5,0.0,0.0,0.0,0.8,1.0,0.6,0.8,0.8,1.0,0.6,0.8,0.3333,1
0.5,1.0,0.0,0.0,0.8,0.6,0.4,0.4,0.8,0.6,0.4,0.4,2.0,1
0.5,1.0,0.0,0.0,0.6,0.4,0.8,0.8,0.6,0.4,0.8,0.8,2.0,1
0.5,1.0,0.0,0.0,0.4,1.0,0.8,1.0,0.4,1.0,0.8,1.0,3.0,1
0.5,1.0,0.0,0.0,1.0,0.4,0.6,0.8,1.0,0.4,0.6,0.8,3.0,1
0.5,1.0,0.0,0.0,0.4,0.8,1.0,0.8,0.4,0.8,1.0,0.8,3.0,1
0.5,0.899,0.0,0.0,0.8,0.2,0.6,0.4,0.8,0.2,0.6,0.4,0.5,1
0.5,0.0,0.0,0.0,1.0,0.4,0.6,0.4,1.0,0.4,0.6,0.4,0.5,1
0.5,0.0,0.0,0.0,0.6,0.8,0.8,0.8,0.6,0.8,0.8,0.8,3.0,1
0.5,0.267,0.0,0.0,0.8,0.8,0.8,0.8,0.8,0.8,0.8,0.8,3.0,1
0.5,0.0,0.0,0.0,1.0,1.0,0.8,0.8,1.0,1.0,0.8,0.8,3.0,1
0.5,1.0,0.0,0.0,0.4,0.6,1.0,0.8,0.4,0.6,1.0,0.8,2.0,1
0.5,0.0,0.0,0.0,0.6,0.4,0.6,0.8,0.6,0.4,0.6,0.8,2.0,1
1.0,1.0,0.0,0.0,0.4,0.8,0.2,0.2,0.4,0.8,0.2,0.2,1.0,1
0.5,0.0,0.0,0.0,0.2,0.6,0.6,0.4,0.2,0.6,0.6,0.4,0.5,1
0.5,0.0,0.0,0.0,0.6,0.6,0.8,0.6,0.6,0.6,0.8,0.6,0.5,1
0.5,0.0,0.0,0.0,1.0,0.6,1.0,1.0,1.0,0.6,1.0,1.0,0.5,1
0.5,1.0,0.0,0.0,0.6,0.6,0.6,0.2,0.6,0.6,0.6,0.2,1.0,1
0.5,0.9956,0.0,0.0,0.8,0.6,0.8,0.8,0.8,0.6,0.8,0.8,0.5,1
0.5,0.7995,0.0,0.0,0.8,0.2,0.4,0.4,0.8,0.2,0.4,0.4,0.5,1
0.5,0.0,0.0,0.0,0.6,0.4,0.4,0.2,0.6,0.4,0.4,0.2,0.75,1
0.5,0.0,0.0,0.0,1.0,0.8,0.8,0.6,1.0,0.8,0.8,0.6,0.75,1
0.5,0.0,0.0,0.0,1.0,0.8,1.0,0.8,1.0,0.8,1.0,0.8,0.75,1
0.5,1.0,0.0,0.0,0.6,1.0,0.4,0.6,0.6,1.0,0.4,0.6,1.0,1
0.5,0.0,0.0,0.0,0.6,0.8,0.6,0.6,0.6,0.8,0.6,0.6,0.5,1
0.5,0.0,0.0,0.0,0.8,0.2,0.6,0.8,0.8,0.2,0.6,0.8,0.25,1
0.5,0.4247,0.0,0.0,0.8,0.4,0.6,0.6,0.8,0.4,0.6,0.6,1.0,1
0.5,0.9461,0.0,0.0,1.0,0.6,1.0,1.0,1.0,0.6,1.0,1.0,1.0,1
0.5,0.7818,0.0,0.0,0.8,0.8,0.8,0.6,0.8,0.8,0.8,0.6,1.0,1
0.5,0.0,0.0,0.0,0.6,0.8,0.8,0.8,0.6,0.8,0.8,0.8,0.6667,1
0.5,0.0,0.0,0.0,0.6,0.8,1.0,1.0,0.6,0.8,1.0,1.0,0.6667,1
0.5,0.0,0.0,0.0,0.6,1.0,0.4,0.6,0.6,1.0,0.4,0.6,2.0,1
0.5,0.0,0.0,0.0,1.0,0.8,0.8,1.0,1.0,0.8,0.8,1.0,2.0,1
0.5,0.713,0.0,0.0,1.0,0.8,1.0,1.0,1.0,0.8,1.0,1.0,1.0,1
0.5,0.0,0.0,0.0,1.0,0.4,0.2,0.2,1.0,0.4,0.2,0.2,0.5,1
0.5,1.0,0.0,0.0,0.8,0.6,0.6,0.8,0.8,0.6,0.6,0.8,0.25,1
0.5,0.4418,0.0,0.0,0.4,0.8,0.6,0.8,0.4,0.8,0.6,0.8,1.0,1
0.5,0.9002,0.0,0.0,0.8,1.0,1.0,0.8,0.8,1.0,1.0,0.8,4.0,1
0.5,0.7453,0.0,0.0,0.6,0.8,0.8,1.0,0.6,0.8,0.8,1.0,4.0,1
0.5,0.7961,0.0,0.0,0.2,0.8,0.4,0.6,0.2,0.8,0.4,0.6,4.0,1
0.5,0.8519,0.0,0.0,1.0,0.8,1.0,0.8,1.0,0.8,1.0,0.8,4.0,1
0.5,0.4134,0.0,0.0,1.0,0.4,0.8,0.8,1.0,0.4,0.8,0.8,1.0,1
0.5,0.0,0.0,0.0,0.2,0.8,0.6,0.6,0.2,0.8,0.6,0.6,1.0,1
0.5,0.1786,0.0,0.0,1.0,0.8,0.8,0.8,1.0,0.8,0.8,0.8,1.0,1
0.5,1.0,0.0,0.0,1.0,1.0,0.8,0.8,1.0,1.0,0.8,0.8,1.0,1
0.5,0.3987,0.0,0.0,0.6,0.6,0.8,1.0,0.6,0.6,0.8,1.0,0.25,1
0.5,1.0,0.0,0.0,0.8,0.4,0.8,0.6,0.8,0.4,0.8,0.6,0.5,1
0.5,0.8733,0.0,0.0,0.8,0.8,0.6,0.8,0.8,0.8,0.6,0.8,1.0,1
0.5,1.0,0.0,0.0,1.0,0.8,0.6,0.6,1.0,0.8,0.6,0.6,2.0,1
0.5,1.0,0.0,0.0,1.0,1.0,0.6,0.6,1.0,1.0,0.6,0.6,2.0,1
0.5,0.0,0.0,0.0,0.2,0.6,0.8,0.8,0.2,0.6,0.8,0.8,1.3333,1
0.5,1.0,0.0,0.0,0.4,0.4,1.0,1.0,0.4,0.4,1.0,1.0,1.3333,1
0.5,0.1539,0.0,0.0,0.4,0.4,0.8,0.8,0.4,0.4,0.8,0.8,1.3333,1
0.5,0.0087,0.0,0.0,1.0,0.6,0.6,0.6,1.0,0.6,0.6,0.6,1.3333,1
0.5,0.6812,0.0,0.0,0.6,1.0,0.8,0.8,0.6,1.0,0.8,0.8,2.0,1
0.5,1.0,0.0,0.0,1.0,1.0,0.8,0.8,1.0,1.0,0.8,0.8,2.0,1
0.5,1.0,0.0,0.0,0.6,0.8,1.0,1.0,0.6,0.8,1.0,1.0,2.0,1
0.5,0.8816,0.0,0.0,1.0,1.0,0.8,0.8,1.0,1.0,0.8,0.8,2.0,1
0.5,1.0,0.0,0.0,0.6,0.8,0.8,0.6,0.6,0.8,0.8,0.6,1.0,1
0.5,0.0,0.0,0.0,0.6,0.8,1.0,0.6,0.6,0.8,1.0,0.6,0.25,1
0.5,0.0,0.0,0.0,0.6,1.0,0.6,0.2,0.6,1.0,0.6,0.2,2.0,1
0.5,0.0,0.0,0.0,1.0,0.8,1.0,0.6,1.0,0.8,1.0,0.6,2.0,1
0.5,0.9269,0.0,0.0,0.8,0.4,0.6,0.6,0.8,0.4,0.6,0.6,2.0,1
0.5,0.0,0.0,0.0,1.0,0.6,0.6,0.6,1.0,0.6,0.6,0.6,2.0,1
0.5,0.0,0.0,0.0,1.0,0.6,0.6,0.6,1.0,0.6,0.6,0.6,2.0,1
0.5,0.0,0.0,0.0,1.0,0.6,0.8,0.8,1.0,0.6,0.8,0.8,2.0,1
0.5,0.4002,0.0,0.0,1.0,0.8,1.0,0.8,1.0,0.8,1.0,0.8,1.0,1
0.5,0.996,0.0,0.0,1.0,1.0,1.0,0.8,1.0,1.0,1.0,0.8,2.0,1
0.5,0.5985,0.0,0.0,0.8,0.6,0.6,0.8,0.8,0.6,0.6,0.8,2.0,1
0.5,0.0,0.0,0.0,0.2,0.8,0.8,0.6,0.2,0.8,0.8,0.6,0.6667,1
0.5,0.0,0.0,0.0,0.8,1.0,0.8,1.0,0.8,1.0,0.8,1.0,0.6667,1
0.5,0.0,0.0,0.0,0.6,0.8,1.0,1.0,0.6,0.8,1.0,1.0,0.3333,1
0.5,1.0,0.0,0.0,0.8,0.8,1.0,0.8,0.8,0.8,1.0,0.8,1.0,1
0.5,0.0,0.0,0.0,0.6,0.6,0.6,1.0,0.6,0.6,0.6,1.0,0.25,1
0.5,0.0,0.0,0.0,1.0,0.8,0.6,0.6,1.0,0.8,0.6,0.6,1.0,1
0.5,0.0,0.0,0.0,1.0,1.0,0.8,0.8,1.0,1.0,0.8,0.8,0.3333,1
0.5,0.6509,0.0,0.0,0.4,0.4,0.6,0.8,0.4,0.4,0.6,0.8,1.0,1
0.5,0.839,0.0,0.0,1.0,0.4,0.6,0.8,1.0,0.4,0.6,0.8,2.0,1
0.5,0.8182,0.0,0.0,1.0,0.4,0.4,0.6,1.0,0.4,0.4,0.6,2.0,1
0.5,0.7127,0.0,0.0,0.8,0.8,1.0,0.8,0.8,0.8,1.0,0.8,1.0,1
1.0,0.0,0.0,0.0,1.0,1.0,0.8,0.8,1.0,1.0,0.8,0.8,2.0,1
0.5,0.0,0.0,0.0,0.6,0.8,0.2,0.2,0.6,0.8,0.2,0.2,2.0,1
0.5,1.0,0.0,0.0,1.0,0.8,0.8,0.4,1.0,0.8,0.8,0.4,2.0,1
0.5,0.2361,0.0,0.0,1.0,0.8,1.0,0.6,1.0,0.8,1.0,0.6,2.0,1
0.5,1.0,0.0,0.0,1.0,0.8,1.0,0.8,1.0,0.8,1.0,0.8,1.5,1
0.5,0.4196,0.0,0.0,1.0,0.6,0.8,1.0,1.0,0.6,0.8,1.0,1.5,1
0.5,0.6431,0.0,0.0,1.0,0.8,1.0,0.8,1.0,0.8,1.0,0.8,1.5,1
0.5,0.2202,0.0,0.0,0.4,0.2,0.6,0.4,0.4,0.2,0.6,0.4,0.25,1
0.5,0.0,0.0,0.0,0.6,0.8,0.4,0.2,0.6,0.8,0.4,0.2,0.3333,1
0.5,0.0,0.0,0.0,0.6,0.6,0.4,0.6,0.6,0.6,0.4,0.6,0.5,1
0.5,0.1664,0.0,0.0,0.4,0.8,1.0,0.8,0.4,0.8,1.0,0.8,0.5,1
0.5,0.0,0.0,0.0,1.0,1.0,1.0,0.6,1.0,1.0,1.0,0.6,0.25,1
0.5,0.0,0.0,0.0,1.0,1.0,0.6,1.0,1.0,1.0,0.6,1.0,0.25,1
0.5,1.0,0.0,0.0,0.6,0.8,0.4,0.2,0.6,0.8,0.4,0.2,0.5,1
0.5,0.0,0.0,0.0,1.0,0.6,0.8,0.8,1.0,0.6,0.8,0.8,1.3333,1
0.5,0.7318,0.0,0.0,0.6,0.6,1.0,1.0,0.6,0.6,1.0,1.0,1.3333,1
0.5,0.0,0.0,0.0,1.0,0.6,0.8,0.8,1.0,0.6,0.8,0.8,1.3333,1
0.5,0.7916,0.0,0.0,0.6,0.8,0.8,0.8,0.6,0.8,0.8,0.8,1.3333,1
0.5,0.9591,0.0,0.0,1.0,0.6,0.8,0.8,1.0,0.6,0.8,0.8,1.5,1
0.5,1.0,0.0,0.0,0.6,0.8,0.6,0.6,0.6,0.8,0.6,0.6,1.5,1
0.5,0.8895,0.0,0.0,0.6,0.4,0.6,0.6,0.6,0.4,0.6,0.6,1.5,1
0.5,0.9563,0.0,0.0,0.6,0.8,0.4,0.6,0.6,0.8,0.4,0.6,1.0,1
0.5,1.0,0.0,0.0,0.8,0.8,0.6,0.6,0.8,0.8,0.6,0.6,1.0,1
0.5,0.3681,0.0,0.0,0.8,0.8,0.4,0.4,0.8,0.8,0.4,0.4,1.0,1
0.5,0.0,0.0,0.0,1.0,0.8,0.8,0.6,1.0,0.8,0.8,0.6,1.0,1
0.5,0.0,0.0,0.0,0.8,0.4,0.4,0.2,0.8,0.4,0.4,0.2,1.0,1
0.5,1.0,0.0,0.0,0.2,0.4,0.6,0.4,0.2,0.4,0.6,0.4,3.0,1
0.5,0.2498,0.0,0.0,0.4,0.4,0.6,0.4,0.4,0.4,0.6,0.4,3.0,1
0.5,0.6849,0.0,0.0,0.2,0.4,0.4,0.2,0.2,0.4,0.4,0.2,3.0,1
0.5,0.0,0.0,0.0,0.6,1.0,0.8,1.0,0.6,1.0,0.8,1.0,0.5,1
0.5,0.0555,0.0,0.0,0.6,1.0,0.6,0.8,0.6,1.0,0.6,0.8,3.0,1
0.5,1.0,0.0,0.0,0.4,0.8,1.0,0.8,0.4,0.8,1.0,0.8,3.0,1
0.5,1.0,0.0,0.0,0.4,0.8,0.8,0.6,0.4,0.8,0.8,0.6,3.0,1
0.5,0.9655,0.0,0.0,0.4,0.8,0.8,0.8,0.4,0.8,0.8,0.8,3.0,1
0.5,1.0,0.0,0.0,0.2,0.8,0.8,0.8,0.2,0.8,0.8,0.8,3.0,1
0.5,0.7303,0.0,0.0,0.6,0.6,1.0,0.6,0.6,0.6,1.0,0.6,3.0,1
0.5,1.0,0.0,0.0,1.0,0.6,0.8,0.4,1.0,0.6,0.8,0.4,1.0,1
0.5,0.0,0.0,0.0,1.0,0.4,0.6,0.6,1.0,0.4,0.6,0.6,0.25,1
0.5,0.0,0.0,0.0,1.0,0.8,1.0,0.8,1.0,0.8,1.0,0.8,1.0,1
0.5,0.0,0.0,0.0,0.8,0.6,0.8,1.0,0.8,0.6,0.8,1.0,0.5,1
0.5,0.0,0.0,0.0,0.8,0.4,0.8,1.0,0.8,0.4,0.8,1.0,0.5,1
0.5,0.4353,0.0,0.0,0.8,0.2,0.6,0.4,0.8,0.2,0.6,0.4,1.0,1
0.5,0.9264,0.0,0.0,0.8,0.4,0.6,0.4,0.8,0.4,0.6,0.4,1.0,1
0.5,1.0,0.0,0.0,0.8,0.4,0.6,0.4,0.8,0.4,0.6,0.4,1.0,1
0.5,0.9901,0.0,0.0,0.8,0.6,0.6,0.8,0.8,0.6,0.6,0.8,2.0,1
0.5,1.0,0.0,0.0,0.6,0.8,0.8,0.6,0.6,0.8,0.8,0.6,2.0,1
0.5,1.0,0.0,0.0,0.6,0.6,0.6,0.6,0.6,0.6,0.6,0.6,1.0,1
0.5,0.5434,0.0,0.0,1.0,0.6,0.6,0.6,1.0,0.6,0.6,0.6,2.0,1
0.5,1.0,0.0,0.0,0.6,0.6,0.2,0.2,0.6,0.6,0.2,0.2,2.0,1
0.5,0.4772,0.0,0.0,1.0,0.8,1.0,0.8,1.0,0.8,1.0,0.8,2.0,1
0.5,0.9744,0.0,0.0,0.2,0.8,0.4,0.2,0.2,0.8,0.4,0.2,2.0,1
0.5,0.3192,0.0,0.0,0.6,0.8,0.8,0.6,0.6,0.8,0.8,0.6,2.0,1
0.5,1.0,0.0,0.0,0.8,0.8,0.8,1.0,0.8,0.8,0.8,1.0,2.0,1
0.5,0.0,0.0,0.0,0.6,1.0,0.8,0.8,0.6,1.0,0.8,0.8,0.3333,1
0.5,1.0,0.0,0.0,0.6,1.0,0.8,0.6,0.6,1.0,0.8,0.6,2.0,1
0.5,0.6037,0.0,0.0,0.6,1.0,0.4,0.6,0.6,1.0,0.4,0.6,2.0,1
0.5,0.0,0.0,0.0,1.0,0.8,0.8,0.8,1.0,0.8,0.8,0.8,0.25,1
0.5,0.0,0.0,0.0,1.0,0.6,0.8,0.6,1.0,0.6,0.8,0.6,0.5,1
0.5,0.4578,0.0,0.0,0.2,0.6,1.0,0.8,0.2,0.6,1.0,0.8,1.0,1
0.5,0.0,0.0,0.0,1.0,1.0,0.8,0.8,1.0,1.0,0.8,0.8,0.5,1
0.5,0.4272,0.0,0.0,0.6,1.0,1.0,0.8,0.6,1.0,1.0,0.8,2.0,1
0.5,1.0,0.0,0.0,0.8,0.8,0.6,0.8,0.8,0.8,0.6,0.8,2.0,1
0.5,0.0,0.0,0.0,1.0,0.8,0.8,0.8,1.0,0.8,0.8,0.8,0.5,1
0.5,1.0,0.0,0.0,0.8,0.6,0.6,0.6,0.8,0.6,0.6,0.6,1.0,1
0.5,1.0,0.0,0.0,1.0,0.6,0.8,1.0,1.0,0.6,0.8,1.0,1.3333,1
0.5,0.5634,0.0,0.0,0.2,0.4,0.4,0.2,0.2,0.4,0.4,0.2,1.3333,1
0.5,0.8229,0.0,0.0,0.4,0.4,0.6,0.4,0.4,0.4,0.6,0.4,1.3333,1
0.5,0.4438,0.0,0.0,0.6,0.6,0.8,0.6,0.6,0.6,0.8,0.6,1.3333,1
0.5,0.3195,0.0,0.0,0.8,0.4,0.4,0.2,0.8,0.4,0.4,0.2,0.3333,1
0.5,1.0,0.0,0.0,0.8,0.6,0.2,0.2,0.8,0.6,0.2,0.2,2.0,1
0.5,1.0,0.0,0.0,0.8,0.8,0.4,0.4,0.8,0.8,0.4,0.4,2.0,1
0.5,0.0,0.0,0.0,1.0,1.0,0.4,0.4,1.0,1.0,0.4,0.4,1.0,1
0.5,1.0,0.0,0.0,0.6,0.6,0.8,0.8,0.6,0.6,0.8,0.8,1.0,1
0.5,0.6417,0.0,0.0,0.8,0.8,0.6,0.6,0.8,0.8,0.6,0.6,0.5,1
0.5,0.0,0.0,0.0,1.0,0.8,1.0,0.8,1.0,0.8,1.0,0.8,0.75,1
0.5,0.0,0.0,0.0,1.0,0.8,1.0,0.8,1.0,0.8,1.0,0.8,0.75,1
0.5,0.0,0.0,0.0,0.6,0.8,0.8,0.6,0.6,0.8,0.8,0.6,0.75,1
0.5,1.0,0.0,0.0,0.6,0.8,0.8,0.6,0.6,0.8,0.8,0.6,2.0,1
0.5,0.5947,0.0,0.0,0.8,0.2,0.6,0.8,0.8,0.2,0.6,0.8,2.0,1
0.5,0.8311,0.0,0.0,0.6,0.8,0.8,0.8,0.6,0.8,0.8,0.8,1.0,1
0.5,1.0,0.0,0.0,0.8,0.6,0.6,0.6,0.8,0.6,0.6,0.6,1.0,1
0.5,1.0,0.0,0.0,1.0,0.8,0.8,1.0,1.0,0.8,0.8,1.0,1.0,1
0.5,0.0627,0.0,0.0,0.6,1.0,0.8,1.0,0.6,1.0,0.8,1.0,2.0,1
0.5,0.0,0.0,0.0,1.0,1.0,0.8,0.6,1.0,1.0,0.8,0.6,2.0,1
0.5,0.0,0.0,0.0,1.0,0.8,1.0,0.8,1.0,0.8,1.0,0.8,2.0,1
0.5,0.4506,0.0,0.0,0.8,1.0,0.6,0.4,0.8,1.0,0.6,0.4,2.0,1
0.5,0.282,0.0,0.0,0.6,0.8,0.8,0.8,0.6,0.8,0.8,0.8,0.75,1
0.5,0.0,0.0,0.0,1.0,0.8,0.8,0.8,1.0,0.8,0.8,0.8,0.75,1
0.5,0.6301,0.0,0.0,0.8,0.4,0.6,0.2,0.8,0.4,0.6,0.2,0.75,1
1.0,1.0,0.0,0.0,0.8,0.4,0.4,0.4,0.8,0.4,0.4,0.4,0.3333,1
0.5,0.0,0.0,0.0,0.6,1.0,0.8,1.0,0.6,1.0,0.8,1.0,1.0,1
0.5,0.0776,0.0,0.0,0.8,0.2,0.8,0.4,0.8,0.2,0.8,0.4,1.0,1
0.5,0.0,0.0,0.0,0.6,0.4,0.8,0.4,0.6,0.4,0.8,0.4,1.0,1
0.5,0.0,0.0,0.0,1.0,0.6,1.0,0.6,1.0,0.6,1.0,0.6,1.0,1
0.5,0.0,0.0,0.0,0.6,0.4,0.6,0.2,0.6,0.4,0.6,0.2,1.0,1
0.5,0.0,0.0,0.0,0.6,1.0,1.0,1.0,0.6,1.0,1.0,1.0,0.3333,1
0.5,0.5636,0.0,0.0,0.8,0.4,0.8,0.8,0.8,0.4,0.8,0.8,2.0,1
0.5,0.0,0.0,0.0,1.0,0.6,0.6,0.6,1.0,0.6,0.6,0.6,2.0,1
0.5,0.0,0.0,0.0,0.6,0.6,0.8,1.0,0.6,0.6,0.8,1.0,0.5,1
0.5,0.0,0.0,0.0,0.6,0.4,0.6,0.4,0.6,0.4,0.6,0.4,0.5,1
0.5,0.8694,0.0,0.0,0.6,0.6,0.8,1.0,0.6,0.6,0.8,1.0,2.0,1
0.5,1.0,0.0,0.0,0.8,0.4,1.0,0.8,0.8,0.4,1.0,0.8,2.0,1
0.5,1.0,0.0,0.0,0.6,1.0,1.0,0.6,0.6,1.0,1.0,0.6,1.0,1
0.5,0.0,0.0,0.0,0.8,0.6,0.8,0.8,0.8,0.6,0.8,0.8,0.5,1
0.5,0.0,0.0,0.0,0.6,0.4,0.6,0.6,0.6,0.4,0.6,0.6,0.5,1
0.5,0.5209,0.0,0.0,0.6,1.0,1.0,1.0,0.6,1.0,1.0,1.0,1.0,1
0.5,0.4665,0.0,0.0,1.0,1.0,0.4,0.4,1.0,1.0,0.4,0.4,1.0,1
0.5,0.0,0.0,0.0,1.0,0.8,0.8,0.8,1.0,0.8,0.8,0.8,1.0,1
0.5,0.4122,0.0,0.0,1.0,0.6,0.6,0.8,1.0,0.6,0.6,0.8,1.0,1
0.5,1.0,0.0,0.0,0.4,0.6,0.6,0.8,0.4,0.6,0.6,0.8,1.0,1
0.5,0.0,0.0,0.0,1.0,1.0,1.0,1.0,1.0,1.0,1.0,1.0,0.75,1
0.5,0.0,0.0,0.0,1.0,1.0,1.0,1.0,1.0,1.0,1.0,1.0,0.75,1
0.5,0.0,0.0,0.0,1.0,1.0,1.0,1.0,1.0,1.0,1.0,1.0,0.75,1
0.5,0.8588,0.0,0.0,1.0,0.6,1.0,1.0,1.0,0.6,1.0,1.0,1.0,1
0.5,1.0,0.0,0.0,0.8,0.6,0.4,0.4,0.8,0.6,0.4,0.4,2.0,1
0.5,1.0,0.0,0.0,0.8,0.8,0.4,0.4,0.8,0.8,0.4,0.4,2.0,1
0.5,1.0,0.0,0.0,0.6,0.8,0.8,0.8,0.6,0.8,0.8,0.8,2.0,1
0.5,0.6925,0.0,0.0,1.0,0.8,0.8,0.8,1.0,0.8,0.8,0.8,2.0,1
0.5,1.0,0.0,0.0,1.0,0.8,0.6,0.6,1.0,0.8,0.6,0.6,3.0,1
0.5,0.0,0.0,0.0,0.6,1.0,0.8,0.8,0.6,1.0,0.8,0.8,3.0,1
0.5,1.0,0.0,0.0,1.0,1.0,0.6,0.6,1.0,1.0,0.6,0.6,3.0,1
0.5,0.687,0.0,0.0,0.6,0.4,0.4,0.2,0.6,0.4,0.4,0.2,0.5,1
0.5,0.6312,0.0,0.0,0.8,0.6,0.6,0.4,0.8,0.6,0.6,0.4,0.5,1
0.5,0.0,0.0,0.0,1.0,0.8,0.8,0.6,1.0,0.8,0.8,0.6,0.5,1
0.5,0.0,0.0,0.0,0.6,0.6,1.0,0.8,0.6,0.6,1.0,0.8,0.25,1
0.5,0.5561,0.0,0.0,0.8,0.4,0.8,0.8,0.8,0.4,0.8,0.8,1.0,1
0.5,0.0812,0.0,0.0,0.8,0.8,0.6,0.8,0.8,0.8,0.6,0.8,0.5,1
0.5,0.0191,0.0,0.0,0.6,0.6,0.8,0.6,0.6,0.6,0.8,0.6,0.5,1
0.5,0.834,0.0,0.0,1.0,0.6,0.8,0.6,1.0,0.6,0.8,0.6,0.75,1
0.5,1.0,0.0,0.0,0.8,0.4,0.6,0.4,0.8,0.4,0.6,0.4,0.75,1
0.5,0.7202,0.0,0.0,0.8,0.2,0.8,0.6,0.8,0.2,0.8,0.6,0.75,1
0.5,0.677,0.0,0.0,0.8,0.8,1.0,1.0,0.8,0.8,1.0,1.0,0.6667,1
0.5,0.0,0.0,0.0,1.0,0.8,0.8,0.8,1.0,0.8,0.8,0.8,0.6667,1
0.5,0.8027,0.0,0.0,0.8,1.0,1.0,0.8,0.8,1.0,1.0,0.8,0.5,1
0.5,1.0,0.0,0.0,0.8,0.8,0.6,0.4,0.8,0.8,0.6,0.4,2.0,1
0.5,0.0,0.0,0.0,0.6,0.8,0.6,0.4,0.6,0.8,0.6,0.4,2.0,1
0.5,1.0,0.0,0.0,0.8,0.8,0.8,0.6,0.8,0.8,0.8,0.6,2.0,1
1.0,0.0723,0.0,0.0,0.2,0.8,1.0,0.8,0.2,0.8,1.0,0.8,2.0,1
0.5,0.0,0.0,0.0,1.0,0.6,0.8,0.6,1.0,0.6,0.8,0.6,0.3333,1
0.5,1.0,0.0,0.0,0.6,0.6,0.8,0.6,0.6,0.6,0.8,0.6,1.0,1
0.5,1.0,0.0,0.0,0.8,0.8,0.4,0.2,0.8,0.8,0.4,0.2,3.0,1
0.5,0.7333,0.0,0.0,0.6,1.0,0.6,0.4,0.6,1.0,0.6,0.4,3.0,1
0.5,1.0,0.0,0.0,0.8,0.6,0.8,0.6,0.8,0.6,0.8,0.6,3.0,1
0.5,0.0,0.0,0.0,1.0,0.6,0.6,0.8,1.0,0.6,0.6,0.8,0.5,1
0.5,0.0,0.0,0.0,1.0,0.8,1.0,0.8,1.0,0.8,1.0,0.8,1.0,1
0.5,0.0,0.0,0.0,0.6,1.0,0.8,0.8,0.6,1.0,0.8,0.8,0.25,1
0.5,0.3394,0.0,0.0,1.0,0.8,0.8,0.6,1.0,0.8,0.8,0.6,2.0,1
0.5,0.8461,0.0,0.0,0.6,0.8,0.8,0.6,0.6,0.8,0.8,0.6,2.0,1
0.5,0.0,0.0,0.0,0.6,0.6,0.8,0.6,0.6,0.6,0.8,0.6,0.5,1
0.5,0.0,0.0,0.0,1.0,0.8,0.8,1.0,1.0,0.8,0.8,1.0,0.5,1
0.5,1.0,0.0,0.0,0.8,0.8,0.6,0.2,0.8,0.8,0.6,0.2,1.0,1
0.5,0.848,0.0,0.0,0.6,0.8,0.8,0.8,0.6,0.8,0.8,0.8,2.0,1
0.5,0.7837,0.0,0.0,0.8,0.8,0.8,0.8,0.8,0.8,0.8,0.8,2.0,1
0.5,0.8545,0.0,0.0,0.6,0.8,0.8,0.6,0.6,0.8,0.8,0.6,0.75,1
0.5,0.0,0.0,0.0,1.0,0.4,0.8,1.0,1.0,0.4,0.8,1.0,0.75,1
0.5,1.0,0.0,0.0,0.8,0.4,0.8,1.0,0.8,0.4,0.8,1.0,0.75,1
0.5,0.0,0.0,0.0,0.6,0.6,0.8,1.0,0.6,0.6,0.8,1.0,0.3333,1
0.5,0.0,0.0,0.0,1.0,0.8,1.0,0.8,1.0,0.8,1.0,0.8,0.5,1
0.5,0.0347,0.0,0.0,1.0,1.0,1.0,1.0,1.0,1.0,1.0,1.0,1.0,1
0.5,0.6494,0.0,0.0,0.8,0.4,1.0,0.6,0.8,0.4,1.0,0.6,0.3333,1
0.5,0.0,0.0,0.0,1.0,0.6,0.6,0.4,1.0,0.6,0.6,0.4,1.0,1
0.5,0.0,0.0,0.0,1.0,1.0,1.0,0.8,1.0,1.0,1.0,0.8,1.0,1
0.5,1.0,0.0,0.0,0.8,0.4,0.6,0.4,0.8,0.4,0.6,0.4,1.0,1
0.5,0.2957,0.0,0.0,1.0,0.4,1.0,0.8,1.0,0.4,1.0,0.8,1.0,1
0.5,0.1373,0.0,0.0,1.0,0.6,0.8,1.0,1.0,0.6,0.8,1.0,0.5,1
0.5,0.0,0.0,0.0,0.6,0.6,1.0,1.0,0.6,0.6,1.0,1.0,0.5,1
0.5,0.0,0.0,0.0,0.6,0.8,0.8,0.8,0.6,0.8,0.8,0.8,0.5,1
0.5,0.5012,0.0,0.0,1.0,0.6,0.8,0.8,1.0,0.6,0.8,0.8,0.25,1
0.5,0.0,0.0,0.0,1.0,0.6,1.0,1.0,1.0,0.6,1.0,1.0,1.5,1
0.5,1.0,0.0,0.0,0.6,0.8,1.0,1.0,0.6,0.8,1.0,1.0,1.5,1
0.5,0.0,0.0,0.0,0.8,0.4,0.6,0.6,0.8,0.4,0.6,0.6,1.5,1
0.5,0.0,0.0,0.0,1.0,0.8,1.0,0.8,1.0,0.8,1.0,0.8,1.0,1
0.5,0.0,0.0,0.0,1.0,0.6,0.8,0.6,1.0,0.6,0.8,0.6,1.0,1
0.5,0.0,0.0,0.0,1.0,0.4,1.0,0.8,1.0,0.4,1.0,0.8,1.0,1
0.5,0.0,0.0,0.0,0.6,0.8,1.0,0.8,0.6,0.8,1.0,0.8,0.3333,1
0.5,1.0,0.0,0.0,0.2,1.0,0.8,0.8,0.2,1.0,0.8,0.8,4.0,1
0.5,0.9939,0.0,0.0,0.8,0.6,0.4,0.4,0.8,0.6,0.4,0.4,4.0,1
0.5,1.0,0.0,0.0,0.8,0.8,0.4,0.4,0.8,0.8,0.4,0.4,4.0,1
0.5,1.0,0.0,0.0,0.2,1.0,1.0,1.0,0.2,1.0,1.0,1.0,4.0,1
0.5,1.0,0.0,0.0,0.8,0.8,0.6,0.6,0.8,0.8,0.6,0.6,1.0,1
0.5,0.0,0.0,0.0,0.2,0.6,0.4,0.6,0.2,0.6,0.4,0.6,0.6667,1
0.5,0.2645,0.0,0.0,0.4,0.6,0.6,0.8,0.4,0.6,0.6,0.8,0.6667,1
0.5,0.4239,0.0,0.0,0.2,0.4,0.4,0.2,0.2,0.4,0.4,0.2,2.0,1
0.5,1.0,0.0,0.0,1.0,0.8,0.8,1.0,1.0,0.8,0.8,1.0,2.0,1
0.5,1.0,0.0,0.0,1.0,1.0,0.8,1.0,1.0,1.0,0.8,1.0,3.0,1
1.0,1.0,0.0,0.0,0.8,0.8,0.8,1.0,0.8,0.8,0.8,1.0,3.0,1
0.5,1.0,0.0,0.0,0.6,1.0,0.4,0.6,0.6,1.0,0.4,0.6,3.0,1
0.5,0.0,0.0,0.0,0.6,1.0,0.8,0.6,0.6,1.0,0.8,0.6,2.0,1
0.5,1.0,0.0,0.0,0.4,0.8,0.8,0.6,0.4,0.8,0.8,0.6,2.0,1
0.5,0.7536,0.0,0.0,0.8,0.8,0.6,0.8,0.8,0.8,0.6,0.8,1.0,1
0.5,1.0,0.0,0.0,0.8,0.2,0.8,0.6,0.8,0.2,0.8,0.6,0.5,1
0.5,0.9049,0.0,0.0,0.8,0.8,0.8,0.4,0.8,0.8,0.8,0.4,0.6667,1
0.5,0.0,0.0,0.0,0.6,1.0,0.6,1.0,0.6,1.0,0.6,1.0,0.6667,1
0.5,0.0,0.0,0.0,1.0,0.6,0.8,0.8,1.0,0.6,0.8,0.8,0.5,1
0.5,0.0544,0.0,0.0,1.0,1.0,0.8,0.8,1.0,1.0,0.8,0.8,1.0,1
0.5,1.0,0.0,0.0,0.6,1.0,0.8,1.0,0.6,1.0,0.8,1.0,2.0,1
0.5,0.2215,0.0,0.0,1.0,0.8,0.8,0.6,1.0,0.8,0.8,0.6,2.0,1
0.5,0.9634,0.0,0.0,1.0,0.8,0.8,0.6,1.0,0.8,0.8,0.6,1.0,1
0.5,0.5775,0.0,0.0,1.0,0.8,0.6,0.4,1.0,0.8,0.6,0.4,0.5,1
0.5,0.5624,0.0,0.0,0.8,0.8,1.0,0.8,0.8,0.8,1.0,0.8,3.0,1
0.5,0.5148,0.0,0.0,0.8,0.8,1.0,0.8,0.8,0.8,1.0,0.8,3.0,1
0.5,0.7609,0.0,0.0,1.0,1.0,0.6,0.4,1.0,1.0,0.6,0.4,3.0,1
0.5,0.7634,0.0,0.0,1.0,1.0,0.8,0.8,1.0,1.0,0.8,0.8,1.0,1
0.5,1.0,0.0,0.0,1.0,1.0,0.8,0.6,1.0,1.0,0.8,0.6,1.0,1
0.5,1.0,0.0,0.0,1.0,0.8,0.6,0.4,1.0,0.8,0.6,0.4,2.0,1
0.5,0.9931,0.0,0.0,0.6,0.8,0.4,0.2,0.6,0.8,0.4,0.2,2.0,1
0.5,0.0,0.0,0.0,0.6,0.8,0.6,0.6,0.6,0.8,0.6,0.6,1.0,1
0.5,0.7742,0.0,0.0,0.8,0.8,1.0,0.8,0.8,0.8,1.0,0.8,1.0,1
0.5,0.404,0.0,0.0,0.8,0.8,0.8,0.8,0.8,0.8,0.8,0.8,0.5,1
0.5,0.0,0.0,0.0,1.0,0.6,1.0,0.8,1.0,0.6,1.0,0.8,1.0,1
0.5,0.0,0.0,0.0,0.6,0.6,1.0,1.0,0.6,0.6,1.0,1.0,1.0,1
0.5,0.0,0.0,0.0,1.0,0.6,0.8,0.6,1.0,0.6,0.8,0.6,0.5,1
0.5,0.0,0.0,0.0,0.4,0.4,0.6,0.8,0.4,0.4,0.6,0.8,0.5,1
0.5,0.6053,0.0,0.0,0.4,0.8,0.8,0.8,0.4,0.8,0.8,0.8,1.0,1
0.5,0.0,0.0,0.0,0.8,0.4,1.0,0.8,0.8,0.4,1.0,0.8,0.3333,1
0.5,1.0,0.0,0.0,1.0,1.0,1.0,0.8,1.0,1.0,1.0,0.8,1.0,1
0.5,0.1903,0.0,0.0,0.8,0.2,0.6,0.4,0.8,0.2,0.6,0.4,0.5,1
0.5,0.0,0.0,0.0,1.0,0.8,0.8,0.8,1.0,0.8,0.8,0.8,0.5,1
0.5,0.1086,0.0,0.0,0.8,0.4,0.6,0.6,0.8,0.4,0.6,0.6,0.5,1
0.5,0.0,0.0,0.0,0.6,1.0,0.8,0.8,0.6,1.0,0.8,0.8,1.0,1
0.5,0.0146,0.0,0.0,1.0,0.6,0.6,0.2,1.0,0.6,0.6,0.2,0.5,1
0.5,0.0,0.0,0.0,0.2,0.4,0.2,0.2,0.2,0.4,0.2,0.2,0.25,1
0.5,0.316,0.0,0.0,0.2,0.8,1.0,1.0,0.2,0.8,1.0,1.0,0.3333,1
0.5,0.0,0.0,0.0,0.6,0.8,1.0,0.8,0.6,0.8,1.0,0.8,1.0,1
0.5,0.9285,0.0,0.0,1.0,0.6,0.6,0.6,1.0,0.6,0.6,0.6,1.0,1
0.5,1.0,0.0,0.0,0.8,0.6,0.4,0.2,0.8,0.6,0.4,0.2,1.0,1
0.5,0.4142,0.0,0.0,1.0,0.4,0.8,0.8,1.0,0.4,0.8,0.8,0.25,1
0.5,0.0899,0.0,0.0,0.6,0.8,0.6,0.4,0.6,0.8,0.6,0.4,1.0,1
0.5,0.4897,0.0,0.0,0.8,0.8,0.8,0.8,0.8,0.8,0.8,0.8,2.0,1
0.5,0.2721,0.0,0.0,1.0,1.0,0.8,0.8,1.0,1.0,0.8,0.8,2.0,1
0.5,0.8912,0.0,0.0,0.6,1.0,1.0,0.6,0.6,1.0,1.0,0.6,1.0,1
0.5,0.9475,0.0,0.0,0.2,0.8,0.6,0.8,0.2,0.8,0.6,0.8,3.0,1
0.5,0.9042,0.0,0.0,0.4,0.8,0.8,1.0,0.4,0.8,0.8,1.0,3.0,1
0.5,0.7809,0.0,0.0,0.6,1.0,1.0,0.8,0.6,1.0,1.0,0.8,3.0,1
0.5,1.0,0.0,0.0,0.6,0.8,0.8,0.6,0.6,0.8,0.8,0.6,1.0,1
0.5,0.0,0.0,0.0,1.0,0.6,0.8,1.0,1.0,0.6,0.8,1.0,0.5,1
0.5,0.164,0.0,0.0,0.8,0.8,0.4,0.4,0.8,0.8,0.4,0.4,0.5,1
0.5,1.0,0.0,0.0,0.8,0.2,1.0,0.8,0.8,0.2,1.0,0.8,0.25,1
0.5,0.0,0.0,0.0,1.0,0.6,0.4,0.6,1.0,0.6,0.4,0.6,0.25,1
0.5,0.5224,0.0,0.0,0.6,1.0,0.4,0.6,0.6,1.0,0.4,0.6,2.0,1
0.5,0.2874,0.0,0.0,0.6,1.0,0.4,0.6,0.6,1.0,0.4,0.6,2.0,1
0.5,1.0,0.0,0.0,0.8,0.4,0.6,0.4,0.8,0.4,0.6,0.4,1.0,1
0.5,0.4911,0.0,0.0,0.8,0.4,0.6,1.0,0.8,0.4,0.6,1.0,0.6667,1
0.5,1.0,0.0,0.0,0.2,0.8,0.6,0.2,0.2,0.8,0.6,0.2,0.6667,1
0.5,0.0,0.0,0.0,0.6,0.8,0.8,0.6,0.6,0.8,0.8,0.6,0.5,1
0.5,0.0,0.0,0.0,0.2,0.8,0.8,0.6,0.2,0.8,0.8,0.6,0.5,1
0.5,0.2174,0.0,0.0,0.4,0.4,0.8,0.8,0.4,0.4,0.8,0.8,0.3333,1
0.5,0.0,0.0,0.0,0.6,1.0,0.6,0.6,0.6,1.0,0.6,0.6,0.6667,1
1.0,0.0,0.0,0.0,0.6,0.8,0.6,0.6,0.6,0.8,0.6,0.6,0.6667,1
0.5,0.0,0.0,0.0,1.0,0.8,0.8,1.0,1.0,0.8,0.8,1.0,0.6667,1
0.5,0.0,0.0,0.0,0.6,0.6,0.8,0.6,0.6,0.6,0.8,0.6,0.6667,1
0.5,0.893,0.0,0.0,1.0,1.0,0.8,0.8,1.0,1.0,0.8,0.8,2.0,1
0.5,0.5351,0.0,0.0,1.0,0.8,0.8,0.8,1.0,0.8,0.8,0.8,2.0,1
0.5,0.0,0.0,0.0,0.6,0.6,1.0,0.8,0.6,0.6,1.0,0.8,1.5,1
0.5,0.0,0.0,0.0,1.0,0.6,0.8,1.0,1.0,0.6,0.8,1.0,1.5,1
0.5,0.0779,0.0,0.0,0.8,0.4,1.0,0.8,0.8,0.4,1.0,0.8,1.5,1
0.5,1.0,0.0,0.0,1.0,0.8,0.8,0.6,1.0,0.8,0.8,0.6,3.0,1
0.5,0.8314,0.0,0.0,0.8,0.8,0.4,0.2,0.8,0.8,0.4,0.2,3.0,1
0.5,1.0,0.0,0.0,0.8,0.8,0.6,0.4,0.8,0.8,0.6,0.4,3.0,1
0.5,0.0,0.0,0.0,0.6,0.6,0.4,0.2,0.6,0.6,0.4,0.2,0.3333,1
0.5,0.4978,0.0,0.0,1.0,1.0,0.8,0.6,1.0,1.0,0.8,0.6,1.0,1
0.5,1.0,0.0,0.0,0.8,0.4,0.4,0.4,0.8,0.4,0.4,0.4,3.0,1
0.5,0.1917,0.0,0.0,1.0,0.6,0.8,0.8,1.0,0.6,0.8,0.8,3.0,1
0.5,1.0,0.0,0.0,0.8,0.4,0.6,0.6,0.8,0.4,0.6,0.6,3.0,1
0.5,1.0,0.0,0.0,1.0,0.8,1.0,1.0,1.0,0.8,1.0,1.0,1.0,1
0.5,0.0,0.0,0.0,0.4,0.4,0.6,0.4,0.4,0.4,0.6,0.4,0.25,1
0.5,0.7025,0.0,0.0,0.4,0.4,0.4,0.2,0.4,0.4,0.4,0.2,2.0,1
0.5,1.0,0.0,0.0,0.6,0.6,1.0,0.8,0.6,0.6,1.0,0.8,2.0,1
0.5,1.0,0.0,0.0,1.0,0.8,0.4,0.6,1.0,0.8,0.4,0.6,2.0,1
0.5,1.0,0.0,0.0,0.4,0.8,1.0,0.8,0.4,0.8,1.0,0.8,2.0,1
0.5,0.618,0.0,0.0,0.6,0.6,0.8,0.8,0.6,0.6,0.8,0.8,1.0,1
0.5,0.0,0.0,0.0,0.2,0.6,0.8,0.4,0.2,0.6,0.8,0.4,0.5,1
0.5,0.0,0.0,0.0,0.6,0.4,0.4,0.2,0.6,0.4,0.4,0.2,1.0,1
0.5,0.6748,0.0,0.0,0.8,0.6,0.6,0.4,0.8,0.6,0.6,0.4,1.0,1
0.5,0.0,0.0,0.0,0.6,1.0,1.0,0.8,0.6,1.0,1.0,0.8,1.0,1
0.5,0.8932,0.0,0.0,0.8,0.8,0.4,0.6,0.8,0.8,0.4,0.6,1.0,1
0.5,0.0,0.0,0.0,0.6,1.0,0.8,1.0,0.6,1.0,0.8,1.0,1.0,1
0.5,1.0,0.0,0.0,0.6,0.6,0.6,0.6,0.6,0.6,0.6,0.6,2.0,1
1.0,1.0,0.0,0.0,0.4,0.8,0.4,0.4,0.4,0.8,0.4,0.4,2.0,1
0.5,1.0,0.0,0.0,0.6,0.8,0.6,1.0,0.6,0.8,0.6,1.0,2.0,1
0.5,0.9627,0.0,0.0,0.6,1.0,0.6,1.0,0.6,1.0,0.6,1.0,2.0,1
0.5,1.0,0.0,0.0,0.4,0.8,0.8,0.4,0.4,0.8,0.8,0.4,2.0,1
0.5,0.9968,0.0,0.0,0.6,0.8,1.0,0.6,0.6,0.8,1.0,0.6,2.0,1
0.5,1.0,0.0,0.0,1.0,0.8,0.6,1.0,1.0,0.8,0.6,1.0,0.5,1
0.5,0.6642,0.0,0.0,0.8,0.8,0.8,0.4,0.8,0.8,0.8,0.4,2.0,1
0.5,0.9651,0.0,0.0,1.0,1.0,0.8,0.8,1.0,1.0,0.8,0.8,2.0,1
0.5,0.0,0.0,0.0,1.0,0.8,0.8,0.8,1.0,0.8,0.8,0.8,0.5,1
0.5,0.0,0.0,0.0,1.0,0.8,1.0,0.8,1.0,0.8,1.0,0.8,0.5,1
0.5,0.0,0.0,0.0,1.0,0.6,1.0,0.8,1.0,0.6,1.0,0.8,0.5,1
0.5,0.4605,0.0,0.0,1.0,0.6,0.6,0.4,1.0,0.6,0.6,0.4,1.0,1
0.5,0.7187,0.0,0.0,0.6,0.8,1.0,1.0,0.6,0.8,1.0,1.0,1.0,1
0.5,0.0,0.0,0.0,0.6,0.6,1.0,1.0,0.6,0.6,1.0,1.0,1.0,1
0.5,0.0,0.0,0.0,0.8,0.2,0.4,0.4,0.8,0.2,0.4,0.4,1.0,1
0.5,0.0,0.0,0.0,0.2,0.8,0.4,0.2,0.2,0.8,0.4,0.2,0.6667,1
0.5,0.0,0.0,0.0,0.6,1.0,0.4,0.2,0.6,1.0,0.4,0.2,0.6667,1
0.5,0.989,0.0,0.0,1.0,0.6,0.8,0.8,1.0,0.6,0.8,0.8,1.0,1
0.5,0.0,0.0,0.0,0.6,0.6,0.8,0.8,0.6,0.6,0.8,0.8,0.25,1
0.5,0.0,0.0,0.0,1.0,0.6,1.0,0.8,1.0,0.6,1.0,0.8,0.6667,1
0.5,0.0,0.0,0.0,0.8,0.4,0.6,0.4,0.8,0.4,0.6,0.4,0.6667,1
0.5,0.0,0.0,0.0,1.0,0.6,0.8,1.0,1.0,0.6,0.8,1.0,0.5,1
0.5,0.0145,0.0,0.0,0.8,0.6,0.6,0.8,0.8,0.6,0.6,0.8,0.5,1
0.5,0.0,0.0,0.0,0.6,1.0,1.0,0.8,0.6,1.0,1.0,0.8,1.0,1
0.5,0.9171,0.0,0.0,0.6,1.0,0.4,0.2,0.6,1.0,0.4,0.2,0.6667,1
0.5,0.7547,0.0,0.0,0.6,0.8,0.8,1.0,0.6,0.8,0.8,1.0,0.6667,1
0.5,1.0,0.0,0.0,0.6,0.6,0.6,0.4,0.6,0.6,0.6,0.4,1.0,1
0.5,0.0,0.0,0.0,1.0,1.0,0.8,0.6,1.0,1.0,0.8,0.6,1.0,1
0.5,0.1455,0.0,0.0,0.6,0.8,0.8,1.0,0.6,0.8,0.8,1.0,1.0,1
0.5,0.9405,0.0,0.0,0.6,0.8,1.0,1.0,0.6,0.8,1.0,1.0,3.0,1
0.5,0.8623,0.0,0.0,1.0,1.0,0.6,0.6,1.0,1.0,0.6,0.6,3.0,1
0.5,0.0,0.0,0.0,1.0,0.6,0.8,0.8,1.0,0.6,0.8,0.8,3.0,1
0.5,1.0,0.0,0.0,0.4,0.4,0.4,0.4,0.4,0.4,0.4,0.4,1.0,1
0.5,0.0,0.0,0.0,0.6,0.6,0.8,0.6,0.6,0.6,0.8,0.6,0.75,1
0.5,0.6179,0.0,0.0,1.0,0.6,0.8,1.0,1.0,0.6,0.8,1.0,0.75,1
0.5,0.9465,0.0,0.0,1.0,0.6,1.0,0.8,1.0,0.6,1.0,0.8,0.75,1
0.5,0.0,0.0,0.0,1.0,1.0,1.0,0.8,1.0,1.0,1.0,0.8,0.6667,1
0.5,0.0,0.0,0.0,1.0,1.0,0.8,0.6,1.0,1.0,0.8,0.6,0.6667,1
0.5,0.6911,0.0,0.0,0.8,0.8,0.8,0.8,0.8,0.8,0.8,0.8,2.0,1
0.5,1.0,0.0,0.0,0.8,0.8,0.8,0.8,0.8,0.8,0.8,0.8,2.0,1
0.5,0.0,0.0,0.0,0.8,0.8,0.6,0.4,0.8,0.8,0.6,0.4,1.5,1
0.5,0.0,0.0,0.0,0.8,0.8,0.6,0.4,0.8,0.8,0.6,0.4,1.5,1
0.5,0.0,0.0,0.0,1.0,0.8,0.8,1.0,1.0,0.8,0.8,1.0,1.5,1
0.5,1.0,0.0,0.0,0.2,0.4,0.6,1.0,0.2,0.4,0.6,1.0,1.0,1
0.5,0.0,0.0,0.0,1.0,0.8,1.0,0.8,1.0,0.8,1.0,0.8,0.75,1
0.5,0.7537,0.0,0.0,0.8,0.6,0.6,0.4,0.8,0.6,0.6,0.4,0.75,1
0.5,0.4579,0.0,0.0,0.8,0.8,0.6,0.4,0.8,0.8,0.6,0.4,0.75,1
0.5,1.0,0.0,0.0,1.0,0.8,0.8,0.6,1.0,0.8,0.8,0.6,2.0,1
0.5,0.6601,0.0,0.0,0.6,1.0,1.0,0.8,0.6,1.0,1.0,0.8,2.0,1
0.5,0.9392,0.0,0.0,0.2,0.8,1.0,0.8,0.2,0.8,1.0,0.8,0.5,1
0.5,0.6059,0.0,0.0,1.0,1.0,1.0,0.8,1.0,1.0,1.0,0.8,1.0,1
0.5,0.7019,0.0,0.0,1.0,0.8,1.0,0.8,1.0,0.8,1.0,0.8,3.0,1
0.5,1.0,0.0,0.0,0.6,0.8,0.4,0.2,0.6,0.8,0.4,0.2,3.0,1
0.5,1.0,0.0,0.0,0.8,1.0,0.6,0.4,0.8,1.0,0.6,0.4,3.0,1
0.5,1.0,0.0,0.0,0.6,1.0,0.6,0.6,0.6,1.0,0.6,0.6,1.0,1
0.5,1.0,0.0,0.0,0.6,0.8,1.0,1.0,0.6,0.8,1.0,1.0,2.0,1
0.5,1.0,0.0,0.0,0.6,0.6,1.0,1.0,0.6,0.6,1.0,1.0,2.0,1
0.5,0.7237,0.0,0.0,0.8,0.8,0.8,0.4,0.8,0.8,0.8,0.4,0.6667,1
0.5,0.0,0.0,0.0,1.0,1.0,0.8,0.8,1.0,1.0,0.8,0.8,0.6667,1
0.5,0.8799,0.0,0.0,0.4,0.8,1.0,1.0,0.4,0.8,1.0,1.0,2.0,1
0.5,0.685,0.0,0.0,0.6,1.0,0.8,0.8,0.6,1.0,0.8,0.8,2.0,1
0.5,1.0,0.0,0.0,0.6,1.0,0.6,0.6,0.6,1.0,0.6,0.6,0.25,1
0.5,1.0,0.0,0.0,0.6,1.0,0.4,0.6,0.6,1.0,0.4,0.6,2.0,1
0.5,1.0,0.0,0.0,0.8,0.6,1.0,0.8,0.8,0.6,1.0,0.8,2.0,1
0.5,0.0,0.0,0.0,1.0,0.8,0.8,0.6,1.0,0.8,0.8,0.6,0.5,1
0.5,0.8309,0.0,0.0,0.8,1.0,0.6,0.4,0.8,1.0,0.6,0.4,0.5,1
0.5,0.0,0.0,0.0,0.6,0.6,0.6,0.4,0.6,0.6,0.6,0.4,0.25,1
0.5,1.0,0.0,0.0,0.8,1.0,0.6,0.4,0.8,1.0,0.6,0.4,1.0,1
0.5,1.0,0.0,0.0,0.4,0.4,0.8,0.8,0.4,0.4,0.8,0.8,0.3333,1
0.5,0.0413,0.0,0.0,0.8,0.8,1.0,0.8,0.8,0.8,1.0,0.8,0.25,1
0.5,1.0,0.0,0.0,1.0,0.8,1.0,1.0,1.0,0.8,1.0,1.0,1.0,1
0.5,1.0,0.0,0.0,0.6,0.8,0.2,0.2,0.6,0.8,0.2,0.2,1.5,1
0.5,0.9688,0.0,0.0,0.6,0.8,0.8,0.8,0.6,0.8,0.8,0.8,1.5,1
0.5,0.9357,0.0,0.0,0.6,1.0,0.8,0.8,0.6,1.0,0.8,0.8,1.5,1
0.5,0.3854,0.0,0.0,0.2,0.8,0.2,0.2,0.2,0.8,0.2,0.2,0.5,1
0.5,0.0,0.0,0.0,0.8,0.8,0.8,0.8,0.8,0.8,0.8,0.8,1.0,1
0.5,0.0628,0.0,0.0,0.8,0.6,0.8,0.8,0.8,0.6,0.8,0.8,1.0,1
0.5,1.0,0.0,0.0,0.6,1.0,0.8,1.0,0.6,1.0,0.8,1.0,1.0,1
0.5,1.0,0.0,0.0,0.8,0.8,0.8,0.6,0.8,0.8,0.8,0.6,1.0,1
0.5,0.8041,0.0,0.0,0.6,1.0,0.6,0.4,0.6,1.0,0.6,0.4,1.0,1
0.5,1.0,0.0,0.0,0.4,0.8,1.0,0.8,0.4,0.8,1.0,0.8,2.0,1
0.5,0.0,0.0,0.0,0.6,1.0,0.8,1.0,0.6,1.0,0.8,1.0,2.0,1
0.5,0.4328,0.0,0.0,0.2,0.8,0.8,1.0,0.2,0.8,0.8,1.0,1.0,1
0.5,0.0,0.0,0.0,0.6,1.0,0.8,0.6,0.6,1.0,0.8,0.6,1.0,1
0.5,0.0,0.0,0.0,1.0,1.0,0.6,0.4,1.0,1.0,0.6,0.4,1.0,1
0.5,1.0,0.0,0.0,0.6,1.0,0.6,0.6,0.6,1.0,0.6,0.6,0.5,1
0.5,0.0,0.0,0.0,1.0,1.0,0.6,0.6,1.0,1.0,0.6,0.6,0.25,1
0.5,0.0,0.0,0.0,0.6,0.8,1.0,0.8,0.6,0.8,1.0,0.8,0.3333,1
0.5,0.0,0.0,0.0,1.0,0.8,1.0,0.8,1.0,0.8,1.0,0.8,0.75,1
0.5,0.7611,0.0,0.0,0.6,0.6,0.8,1.0,0.6,0.6,0.8,1.0,0.75,1
0.5,0.0,0.0,0.0,0.6,0.4,0.4,0.2,0.6,0.4,0.4,0.2,0.75,1
0.5,1.0,0.0,0.0,0.6,1.0,0.6,0.8,0.6,1.0,0.6,0.8,0.75,1
0.5,1.0,0.0,0.0,0.8,1.0,1.0,0.8,0.8,1.0,1.0,0.8,0.75,1
0.5,1.0,0.0,0.0,0.8,0.8,1.0,0.8,0.8,0.8,1.0,0.8,0.75,1
0.5,1.0,0.0,0.0,1.0,0.8,0.6,0.8,1.0,0.8,0.6,0.8,2.0,1
0.5,1.0,0.0,0.0,0.6,1.0,0.8,1.0,0.6,1.0,0.8,1.0,2.0,1
0.5,0.0,0.0,0.0,1.0,0.8,0.8,0.8,1.0,0.8,0.8,0.8,0.5,1
0.5,0.0,0.0,0.0,1.0,0.6,1.0,0.6,1.0,0.6,1.0,0.6,0.5,1
0.5,0.7714,0.0,0.0,0.8,0.8,0.6,0.4,0.8,0.8,0.6,0.4,1.0,1
0.5,0.4337,0.0,0.0,0.8,0.6,0.4,0.2,0.8,0.6,0.4,0.2,1.0,1
0.5,1.0,0.0,0.0,0.2,1.0,0.8,1.0,0.2,1.0,0.8,1.0,1.0,1
0.5,0.6302,0.0,0.0,0.8,0.8,0.6,0.4,0.8,0.8,0.6,0.4,1.0,1
0.5,0.0,0.0,0.0,1.0,0.6,0.8,1.0,1.0,0.6,0.8,1.0,0.25,1
0.5,1.0,0.0,0.0,0.6,0.8,0.8,0.8,0.6,0.8,0.8,0.8,1.0,1
0.5,0.0,0.0,0.0,1.0,0.8,1.0,0.8,1.0,0.8,1.0,0.8,0.5,1
0.5,0.7391,0.0,0.0,0.8,0.4,0.4,0.4,0.8,0.4,0.4,0.4,0.5,1
0.5,0.0,0.0,0.0,0.6,0.4,0.8,0.8,0.6,0.4,0.8,0.8,0.5,1
0.5,0.5482,0.0,0.0,1.0,0.6,1.0,0.8,1.0,0.6,1.0,0.8,2.0,1
0.5,0.9626,0.0,0.0,0.6,0.8,1.0,0.8,0.6,0.8,1.0,0.8,2.0,1
0.5,0.7796,0.0,0.0,0.8,0.8,0.8,0.6,0.8,0.8,0.8,0.6,2.0,1
0.5,0.5409,0.0,0.0,0.6,1.0,0.8,0.6,0.6,1.0,0.8,0.6,2.0,1
0.5,0.0,0.0,0.0,0.8,0.4,0.6,0.8,0.8,0.4,0.6,0.8,0.6667,1
0.5,0.0,0.0,0.0,1.0,0.2,1.0,0.8,1.0,0.2,1.0,0.8,0.6667,1
0.5,1.0,0.0,0.0,1.0,0.4,0.8,0.8,1.0,0.4,0.8,0.8,1.0,1
0.5,0.0,0.0,0.0,0.6,1.0,0.8,0.8,0.6,1.0,0.8,0.8,0.5,1
0.5,0.0,0.0,0.0,0.8,1.0,0.4,0.4,0.8,1.0,0.4,0.4,0.5,1
0.5,1.0,0.0,0.0,1.0,0.6,0.6,1.0,1.0,0.6,0.6,1.0,0.5,1
0.5,0.0,0.0,0.0,0.6,0.8,0.8,0.8,0.6,0.8,0.8,0.8,0.5,1
0.5,0.0,0.0,0.0,0.8,0.2,1.0,1.0,0.8,0.2,1.0,1.0,0.6667,1
0.5,0.0,0.0,0.0,1.0,0.6,1.0,1.0,1.0,0.6,1.0,1.0,0.6667,1
0.5,0.8908,0.0,0.0,1.0,0.8,0.8,1.0,1.0,0.8,0.8,1.0,2.0,1
0.5,0.9266,0.0,0.0,1.0,1.0,0.8,1.0,1.0,1.0,0.8,1.0,2.0,1
0.5,0.7802,0.0,0.0,0.2,0.6,0.6,1.0,0.2,0.6,0.6,1.0,2.0,1
0.5,0.0,0.0,0.0,0.6,0.6,0.8,0.8,0.6,0.6,0.8,0.8,2.0,1
0.5,0.0,0.0,0.0,0.2,0.8,0.4,0.2,0.2,0.8,0.4,0.2,1.0,1
0.5,0.0,0.0,0.0,1.0,1.0,0.8,0.8,1.0,1.0,0.8,0.8,4.0,1
0.5,0.0,0.0,0.0,0.6,1.0,0.2,0.2,0.6,1.0,0.2,0.2,4.0,1
0.5,0.5219,0.0,0.0,0.6,0.8,0.4,0.4,0.6,0.8,0.4,0.4,4.0,1
0.5,1.0,0.0,0.0,0.6,0.8,1.0,1.0,0.6,0.8,1.0,1.0,4.0,1
0.5,0.0,0.0,0.0,0.6,0.6,1.0,0.8,0.6,0.6,1.0,0.8,0.3333,1
0.5,0.3845,0.0,0.0,0.8,0.4,1.0,0.6,0.8,0.4,1.0,0.6,1.0,1
1.0,0.8351,0.0,0.0,0.6,0.6,1.0,1.0,0.6,0.6,1.0,1.0,1.0,1
0.5,0.682,0.0,0.0,1.0,0.4,0.6,0.6,1.0,0.4,0.6,0.6,1.0,1
0.5,0.0,0.0,0.0,0.4,0.8,0.8,0.4,0.4,0.8,0.8,0.4,1.0,1
0.5,0.0,0.0,0.0,0.6,1.0,0.8,0.8,0.6,1.0,0.8,0.8,1.0,1
0.5,0.0,0.0,0.0,0.2,0.6,0.6,0.4,0.2,0.6,0.6,0.4,0.6667,1
0.5,0.0,0.0,0.0,0.2,0.6,0.4,0.2,0.2,0.6,0.4,0.2,0.6667,1
0.5,1.0,0.0,0.0,0.6,0.6,0.8,0.6,0.6,0.6,0.8,0.6,1.0,1
1.0,0.8637,0.0,0.0,0.2,0.6,0.6,0.6,0.2,0.6,0.6,0.6,1.0,1
0.5,0.0,0.0,0.0,0.2,1.0,0.2,0.2,0.2,1.0,0.2,0.2,0.25,1
0.5,0.0,0.0,0.0,0.2,0.4,0.6,0.4,0.2,0.4,0.6,0.4,0.5,1
0.5,0.0,0.0,0.0,0.6,0.6,0.8,0.8,0.6,0.6,0.8,0.8,0.25,1
0.5,0.0,0.0,0.0,0.6,0.8,0.4,0.4,0.6,0.8,0.4,0.4,0.5,1
0.5,0.0,0.0,0.0,0.4,0.4,0.6,0.6,0.4,0.4,0.6,0.6,0.5,1
0.5,0.7734,0.0,0.0,0.2,0.8,0.4,0.6,0.2,0.8,0.4,0.6,1.0,1
0.5,0.6709,0.0,0.0,1.0,0.8,0.8,0.6,1.0,0.8,0.8,0.6,1.0,1
0.5,0.0,0.0,0.0,0.8,0.8,0.8,0.6,0.8,0.8,0.8,0.6,0.3333,1
0.5,0.0,0.0,0.0,0.6,0.6,0.8,1.0,0.6,0.6,0.8,1.0,0.6667,1
0.5,0.0,0.0,0.0,0.6,0.6,0.4,0.2,0.6,0.6,0.4,0.2,0.6667,1
0.5,0.0,0.0,0.0,1.0,0.8,0.8,0.8,1.0,0.8,0.8,0.8,0.3333,1
0.5,1.0,0.0,0.0,0.6,0.6,0.6,0.2,0.6,0.6,0.6,0.2,2.0,1
0.5,1.0,0.0,0.0,0.8,0.4,0.8,0.8,0.8,0.4,0.8,0.8,2.0,1
0.5,0.0,0.0,0.0,0.6,1.0,0.8,1.0,0.6,1.0,0.8,1.0,0.3333,1
0.5,1.0,0.0,0.0,0.8,0.8,1.0,0.6,0.8,0.8,1.0,0.6,0.5,1
0.5,0.776,0.0,0.0,1.0,1.0,1.0,0.8,1.0,1.0,1.0,0.8,0.5,1
0.5,0.9621,0.0,0.0,0.6,0.6,0.6,0.4,0.6,0.6,0.6,0.4,0.5,1
0.5,0.0,0.0,0.0,0.6,0.8,1.0,1.0,0.6,0.8,1.0,1.0,1.0,1
0.5,0.0183,0.0,0.0,0.8,0.8,0.6,0.8,0.8,0.8,0.6,0.8,3.0,1
0.5,0.0,0.0,0.0,0.8,0.8,0.6,0.8,0.8,0.8,0.6,0.8,3.0,1
0.5,0.0,0.0,0.0,0.8,0.8,0.4,0.6,0.8,0.8,0.4,0.6,3.0,1
0.5,0.5743,0.0,0.0,0.8,0.8,1.0,1.0,0.8,0.8,1.0,1.0,0.25,1
0.5,0.2542,0.0,0.0,1.0,0.8,0.6,0.6,1.0,0.8,0.6,0.6,0.5,1
